Unnamed: 0,id,gender,subCategory,articleType,season,usage,image,Color,filename,link,outfit_id
7287,3695,Men,Shoes,Shoes,Summer,Casual,../input/fashion-product-images-dataset/fashion-dataset/images/3695.jpg,Neutros,3695.jpg,http://assets.myntassets.com/v1/images/style/properties/baa85bf32e431d88eed87b0ce1ccb7d8_images.jpg,0
4932,14323,Women,over_Topwear,Sweaters,Fall,Casual,../input/fashion-product-images-dataset/fashion-dataset/images/14323.jpg,Neutros,14323.jpg,http://assets.myntassets.com/v1/images/style/properties/42b8a9b1e388137c2bb287eeba356f76_images.jpg,0
19618,49168,Men,Topwear,Shirts,Summer,Casual,../input/fashion-product-images-dataset/fashion-dataset/images/49168.jpg,Azul,49168.jpg,http://assets.myntassets.com/v1/images/style/properties/17800a951eacc73fa4b543018b5e78eb_images.jpg,0
2124,11324,Men,Bottomwear,Pants,Fall,Formal,../input/fashion-product-images-dataset/fashion-dataset/images/11324.jpg,Neutros,11324.jpg,http://assets.myntassets.com/v1/images/style/properties/d842959362660f22f113c15b968fa0cb_images.jpg,0
17553,42142,Men,Shoes,Shoes,Summer,Sports,../input/fashion-product-images-dataset/fashion-dataset/images/42142.jpg,Neutros,42142.jpg,http://assets.myntassets.com/v1/images/style/properties/d7c6179f6717835f25c9c790a0d2a919_images.jpg,1
10567,2031,Men,over_Topwear,Jackets,Fall,Sports,../input/fashion-product-images-dataset/fashion-dataset/images/2031.jpg,Neutros,2031.jpg,http://assets.myntassets.com/v1/images/style/properties/44f7ddec153913c5ac5948cb8024b313_images.jpg,1
20044,22341,Men,Topwear,Tshirts,Fall,Casual,../input/fashion-product-images-dataset/fashion-dataset/images/22341.jpg,Verde,22341.jpg,http://assets.myntassets.com/v1/images/style/properties/47fdf8b275bf5985cf2ba89380a04e1c_images.jpg,1
12897,11327,Men,Bottomwear,Pants,Fall,Casual,../input/fashion-product-images-dataset/fashion-dataset/images/11327.jpg,Azul,11327.jpg,http://assets.myntassets.com/v1/images/style/properties/d0a2528eabd4eee8c413c983c9878b84_images.jpg,1
14683,37998,Men,Shoes,Sandals,Summer,Casual,../input/fashion-product-images-dataset/fashion-dataset/images/37998.jpg,Marrón,37998.jpg,http://assets.myntassets.com/v1/images/style/properties/758ad0ea219854bd3147abab342cdbdc_images.jpg,2
16169,25032,Men,over_Topwear,Jackets,Fall,Sports,../input/fashion-product-images-dataset/fashion-dataset/images/25032.jpg,Neutros,25032.jpg,http://assets.myntassets.com/v1/images/style/properties/0833cdda1a5cd1028e22c58288cfbab8_images.jpg,2
3142,44850,Men,Topwear,Tshirts,Summer,Casual,../input/fashion-product-images-dataset/fashion-dataset/images/44850.jpg,Neutros,44850.jpg,http://assets.myntassets.com/v1/images/style/properties/60f593f111118efd9688403a46ed2132_images.jpg,2
7524,51355,Women,Bottomwear,Pants,Summer,Casual,../input/fashion-product-images-dataset/fashion-dataset/images/51355.jpg,Azul,51355.jpg,http://assets.myntassets.com/v1/images/style/properties/edf613bee987c798362b62f5f82ccde8_images.jpg,2
7887,12896,Men,Shoes,Shoes,Fall,Casual,../input/fashion-product-images-dataset/fashion-dataset/images/12896.jpg,Marrón,12896.jpg,http://assets.myntassets.com/v1/images/style/properties/98e8e9c7b5ef78df8b27863927101db2_images.jpg,3
13745,12534,Men,over_Topwear,Sweaters,Fall,Casual,../input/fashion-product-images-dataset/fashion-dataset/images/12534.jpg,Neutros,12534.jpg,http://assets.myntassets.com/v1/images/style/properties/1343eefd1a442490cb413e539664237b_images.jpg,3
10957,20245,Women,Topwear,Tshirts,Fall,Casual,../input/fashion-product-images-dataset/fashion-dataset/images/20245.jpg,Neutros,20245.jpg,http://assets.myntassets.com/v1/images/style/properties/4884b4487d5558deef359b8636474376_images.jpg,3
14738,20910,Men,Bottomwear,Pants,Fall,Casual,../input/fashion-product-images-dataset/fashion-dataset/images/20910.jpg,Azul,20910.jpg,http://assets.myntassets.com/v1/images/style/properties/e5838d27b62772a476c3f23868d709e6_images.jpg,3
7168,43231,Men,Shoes,Shoes,Summer,Sports,../input/fashion-product-images-dataset/fashion-dataset/images/43231.jpg,Neutros,43231.jpg,http://assets.myntassets.com/v1/images/style/properties/b8dde15eb1ad06859ba413f970635a26_images.jpg,4
8182,15047,Men,over_Topwear,Jackets,Fall,Sports,../input/fashion-product-images-dataset/fashion-dataset/images/15047.jpg,Azul,15047.jpg,http://assets.myntassets.com/v1/images/style/properties/d589b2cc35d849be7fdb9c2ae1fc8bb1_images.jpg,4
18471,10500,Women,Dress,Dresses,Fall,Casual,../input/fashion-product-images-dataset/fashion-dataset/images/10500.jpg,Azul,10500.jpg,http://assets.myntassets.com/v1/images/style/properties/2bde5066809600b3127f99e9f9edef20_images.jpg,4
16866,2368,Men,Shoes,Shoes,Winter,Casual,../input/fashion-product-images-dataset/fashion-dataset/images/2368.jpg,Marrón,2368.jpg,http://assets.myntassets.com/v1/images/style/properties/dd19859d1961d3c5a5607f7e75caefd5_images.jpg,5
12480,24291,Men,over_Topwear,Sweaters,Fall,Casual,../input/fashion-product-images-dataset/fashion-dataset/images/24291.jpg,Neutros,24291.jpg,http://assets.myntassets.com/v1/images/style/properties/Quick-Silver-Men-Grey-Melange-Zip-up-Sweatshirt_a117476d6f5c75a4350a05d57ca20ba6_images.jpg,5
3664,58800,Men,Topwear,Shirts,Fall,Casual,../input/fashion-product-images-dataset/fashion-dataset/images/58800.jpg,Azul,58800.jpg,http://assets.myntassets.com/v1/images/style/properties/Highlander-Men-Blue-Check-Shirt_fe80681b23be676b0193047f8ccdcfac_images.jpg,5
1099,27016,Women,Bottomwear,Pants,Summer,Casual,../input/fashion-product-images-dataset/fashion-dataset/images/27016.jpg,Azul,27016.jpg,http://assets.myntassets.com/v1/images/style/properties/d739ac6b6030b6ff6595dd9a15934fb9_images.jpg,5
17022,13180,Men,Shoes,Shoes,Fall,Sports,../input/fashion-product-images-dataset/fashion-dataset/images/13180.jpg,Neutros,13180.jpg,http://assets.myntassets.com/v1/images/style/properties/9daf99cec3ffcf3459560d92cff3568f_images.jpg,6
12549,6884,Women,over_Topwear,Jackets,Summer,Casual,../input/fashion-product-images-dataset/fashion-dataset/images/6884.jpg,Neutros,6884.jpg,http://assets.myntassets.com/v1/images/style/properties/c74750161d95edf6413579fafb71d277_images.jpg,6
22248,58566,Men,Topwear,Tshirts,Summer,Casual,../input/fashion-product-images-dataset/fashion-dataset/images/58566.jpg,Rojo,58566.jpg,http://assets.myntassets.com/v1/images/style/properties/Puma-Men-Red-T-shirt_6e76116bd0f99e5c94522079b1e114e0_images.jpg,6
598,28460,Women,Bottomwear,Shorts,Summer,Sports,../input/fashion-product-images-dataset/fashion-dataset/images/28460.jpg,Rosado,28460.jpg,http://assets.myntassets.com/v1/images/style/properties/44f0716e5b5d34fff6c4230113004cab_images.jpg,6
7391,20907,Women,Shoes,Heels,Winter,Casual,../input/fashion-product-images-dataset/fashion-dataset/images/20907.jpg,Amarillo,20907.jpg,http://assets.myntassets.com/v1/images/style/properties/83719366c4e99774d3e318eda1a141f6_images.jpg,7
728,15323,Men,over_Topwear,Jackets,Fall,Casual,../input/fashion-product-images-dataset/fashion-dataset/images/15323.jpg,Neutros,15323.jpg,http://assets.myntassets.com/v1/images/style/properties/7667d772a8b42e47225ff55050fe02f5_images.jpg,7
540,3962,Women,Topwear,Tshirts,Summer,Casual,../input/fashion-product-images-dataset/fashion-dataset/images/3962.jpg,Neutros,3962.jpg,http://assets.myntassets.com/v1/images/style/properties/ca1b177ef6a5b4c782933f43485d65fd_images.jpg,7
14334,53286,Men,Bottomwear,Pants,Summer,Casual,../input/fashion-product-images-dataset/fashion-dataset/images/53286.jpg,Azul,53286.jpg,http://assets.myntassets.com/v1/images/style/properties/Locomotive-Men-Blue-Jeans_c3234a48da553f806c3e34a72744faea_images.jpg,7
6638,38537,Men,Shoes,Shoes,Summer,Casual,../input/fashion-product-images-dataset/fashion-dataset/images/38537.jpg,Neutros,38537.jpg,http://assets.myntassets.com/v1/images/style/properties/cb55973728ddd802a4244921c422d30a_images.jpg,8
16023,16228,Men,over_Topwear,Sweaters,Fall,Casual,../input/fashion-product-images-dataset/fashion-dataset/images/16228.jpg,Neutros,16228.jpg,http://assets.myntassets.com/v1/images/style/properties/005a895278b38d0de02fc182063c9dee_images.jpg,8
15849,39235,Women,Dress,Dresses,Summer,Casual,../input/fashion-product-images-dataset/fashion-dataset/images/39235.jpg,Marrón,39235.jpg,http://assets.myntassets.com/v1/images/style/properties/e3f33ebdbe1ce2ee3a162169f76eebcb_images.jpg,8
11445,34639,Men,Shoes,Shoes,Summer,Casual,../input/fashion-product-images-dataset/fashion-dataset/images/34639.jpg,Neutros,34639.jpg,http://assets.myntassets.com/v1/images/style/properties/Lotto-Men-Court-Classic-V-White-Shoes_7d92d50cbc0390fe75093eb33eb8bf22_images.jpg,9
747,18864,Men,over_Topwear,Sweaters,Fall,Casual,../input/fashion-product-images-dataset/fashion-dataset/images/18864.jpg,Neutros,18864.jpg,http://assets.myntassets.com/v1/images/style/properties/6a6f15d767037a3cd81da733a7eddfdf_images.jpg,9
17949,31241,Men,Topwear,Tshirts,Summer,Casual,../input/fashion-product-images-dataset/fashion-dataset/images/31241.jpg,Neutros,31241.jpg,http://assets.myntassets.com/v1/images/style/properties/Puma-Men-Attack-Black-T-shirt_dbfe745de9facf50e069bf4b3e7657d4_images.jpg,9
9883,39794,Men,Bottomwear,Pants,Summer,Formal,../input/fashion-product-images-dataset/fashion-dataset/images/39794.jpg,Neutros,39794.jpg,http://assets.myntassets.com/v1/images/style/properties/10e97d01c12a8cdead9f4e9e56c01d33_images.jpg,9
766,57506,Men,Shoes,Sandals,Summer,Casual,../input/fashion-product-images-dataset/fashion-dataset/images/57506.jpg,Marrón,57506.jpg,http://assets.myntassets.com/v1/images/style/properties/Lee-Cooper-Men-Brown-Sandals_41be8fa41082876a31ecb2b34fb7a12a_images.jpg,10
17080,11075,Men,over_Topwear,Sweaters,Fall,Casual,../input/fashion-product-images-dataset/fashion-dataset/images/11075.jpg,Azul,11075.jpg,http://assets.myntassets.com/v1/images/style/properties/db4fd7ea42a3663946236a57389529c1_images.jpg,10
15444,59985,Women,Dress,Dresses,Fall,Casual,../input/fashion-product-images-dataset/fashion-dataset/images/59985.jpg,Verde,59985.jpg,http://assets.myntassets.com/v1/images/style/properties/Avirate-Women-Green-Dress_5ccfe27b99b88efe909df394ea6bb20a_images.jpg,10
14588,38776,Men,Shoes,Shoes,Summer,Casual,../input/fashion-product-images-dataset/fashion-dataset/images/38776.jpg,Neutros,38776.jpg,http://assets.myntassets.com/v1/images/style/properties/f59dacba1af19ef39bd3cfaaf472d907_images.jpg,11
8182,15047,Men,over_Topwear,Jackets,Fall,Sports,../input/fashion-product-images-dataset/fashion-dataset/images/15047.jpg,Azul,15047.jpg,http://assets.myntassets.com/v1/images/style/properties/d589b2cc35d849be7fdb9c2ae1fc8bb1_images.jpg,11
4887,48468,Women,Dress,Dresses,Summer,Casual,../input/fashion-product-images-dataset/fashion-dataset/images/48468.jpg,Morado,48468.jpg,http://assets.myntassets.com/v1/images/style/properties/French-Connection-Mauve-Dress_bdbc540c48501913f1bc922a21cc339c_images.jpg,11
19137,19040,Women,Shoes,Heels,Winter,Casual,../input/fashion-product-images-dataset/fashion-dataset/images/19040.jpg,Neutros,19040.jpg,http://assets.myntassets.com/v1/images/style/properties/49eef69a912748fb8702109a40cbdb33_images.jpg,12
22313,22314,Women,over_Topwear,Jackets,Fall,Casual,../input/fashion-product-images-dataset/fashion-dataset/images/22314.jpg,Neutros,22314.jpg,http://assets.myntassets.com/v1/images/style/properties/95b500df19a49c5ecc01dac5885de70f_images.jpg,12
10709,4957,Men,Topwear,Tshirts,Summer,Casual,../input/fashion-product-images-dataset/fashion-dataset/images/4957.jpg,Neutros,4957.jpg,http://assets.myntassets.com/v1/images/style/properties/5b6c80cd40da80d133740ef2cd0e56eb_images.jpg,12
9751,35939,Men,Bottomwear,Pants,Winter,Casual,../input/fashion-product-images-dataset/fashion-dataset/images/35939.jpg,Azul,35939.jpg,http://assets.myntassets.com/v1/images/style/properties/d6e54cd4fad692f58201153c511aaaf7_images.jpg,12
4330,13190,Men,Shoes,Shoes,Summer,Sports,../input/fashion-product-images-dataset/fashion-dataset/images/13190.jpg,Neutros,13190.jpg,http://assets.myntassets.com/v1/images/style/properties/1b87f550d87e0d660b877b4521c6f2ee_images.jpg,13
4210,20379,Women,over_Topwear,Sweaters,Fall,Sports,../input/fashion-product-images-dataset/fashion-dataset/images/20379.jpg,Neutros,20379.jpg,http://assets.myntassets.com/v1/images/style/properties/e4d5cdb2b0edad465022fa365521fd22_images.jpg,13
1575,6872,Women,Dress,Dresses,Summer,Casual,../input/fashion-product-images-dataset/fashion-dataset/images/6872.jpg,Neutros,6872.jpg,http://assets.myntassets.com/v1/images/style/properties/f85f62b4637f0dd2afcc0acbc1d514ed_images.jpg,13
21631,5618,Women,Shoes,Shoes,Summer,Sports,../input/fashion-product-images-dataset/fashion-dataset/images/5618.jpg,Neutros,5618.jpg,http://assets.myntassets.com/v1/images/style/properties/67fa0af8cbd2b691f5ed1681119c041e_images.jpg,14
11333,16556,Men,over_Topwear,Sweaters,Fall,Casual,../input/fashion-product-images-dataset/fashion-dataset/images/16556.jpg,Neutros,16556.jpg,http://assets.myntassets.com/v1/images/style/properties/939b57f30f765b6dfb03b2e00d58d850_images.jpg,14
20305,17256,Men,Topwear,Tshirts,Fall,Casual,../input/fashion-product-images-dataset/fashion-dataset/images/17256.jpg,Verde,17256.jpg,http://assets.myntassets.com/v1/images/style/properties/29c734e13ce7918a8d838e002b431161_images.jpg,14
22022,39764,Women,Bottomwear,Pants,Summer,Formal,../input/fashion-product-images-dataset/fashion-dataset/images/39764.jpg,Azul,39764.jpg,http://assets.myntassets.com/v1/images/style/properties/20431637d7947cb657f79db6de740084_images.jpg,14
5162,5541,Men,Shoes,Shoes,Summer,Sports,../input/fashion-product-images-dataset/fashion-dataset/images/5541.jpg,Neutros,5541.jpg,http://assets.myntassets.com/v1/images/style/properties/ee8df6d3b9a98a995a55a2ddeeda9054_images.jpg,15
2321,20232,Women,over_Topwear,Sweaters,Fall,Casual,../input/fashion-product-images-dataset/fashion-dataset/images/20232.jpg,Azul,20232.jpg,http://assets.myntassets.com/v1/images/style/properties/8ff33caa9e123b80435179cc2745eee3_images.jpg,15
4321,27197,Women,Dress,Dresses,Summer,Casual,../input/fashion-product-images-dataset/fashion-dataset/images/27197.jpg,Rosado,27197.jpg,http://assets.myntassets.com/v1/images/style/properties/2b4726ae82dead3ed5510dff8cd2cdc8_images.jpg,15
5229,3689,Men,Shoes,Shoes,Summer,Sports,../input/fashion-product-images-dataset/fashion-dataset/images/3689.jpg,Neutros,3689.jpg,http://assets.myntassets.com/v1/images/style/properties/dae2a6df5154be9bec9685936688b2a3_images.jpg,16
9301,23069,Men,over_Topwear,Sweaters,Fall,Casual,../input/fashion-product-images-dataset/fashion-dataset/images/23069.jpg,Neutros,23069.jpg,http://assets.myntassets.com/v1/images/style/properties/15c9fc68c27cbf42d8165dec3464931b_images.jpg,16
20117,5280,Men,Topwear,Tshirts,Summer,Casual,../input/fashion-product-images-dataset/fashion-dataset/images/5280.jpg,Verde,5280.jpg,http://assets.myntassets.com/v1/images/style/properties/97113f77df22720bdb9bbd933fafa17f_images.jpg,16
7421,4815,Men,Bottomwear,Shorts,Summer,Sports,../input/fashion-product-images-dataset/fashion-dataset/images/4815.jpg,Neutros,4815.jpg,http://assets.myntassets.com/v1/images/style/properties/0805b347f33c09516eed7374e5085a78_images.jpg,16
11167,26525,Men,Shoes,Shoes,Spring,Casual,../input/fashion-product-images-dataset/fashion-dataset/images/26525.jpg,Azul,26525.jpg,http://assets.myntassets.com/v1/images/style/properties/1efde658c3f5085773b20fe71634edc4_images.jpg,17
18235,18731,Women,over_Topwear,Sweaters,Fall,Casual,../input/fashion-product-images-dataset/fashion-dataset/images/18731.jpg,Azul,18731.jpg,http://assets.myntassets.com/v1/images/style/properties/a75e4b8b07c83de416d1baaee9c019ab_images.jpg,17
8984,5812,Women,Topwear,Tshirts,Summer,Casual,../input/fashion-product-images-dataset/fashion-dataset/images/5812.jpg,Neutros,5812.jpg,http://assets.myntassets.com/v1/images/style/properties/81f176cfdf3cd645ff761f6a8bf62feb_images.jpg,17
11517,15112,Men,Bottomwear,Pants,Fall,Formal,../input/fashion-product-images-dataset/fashion-dataset/images/15112.jpg,Verde,15112.jpg,http://assets.myntassets.com/v1/images/style/properties/3d7794d5630013dd3fdcb91ee7ecec9f_images.jpg,17
8221,9102,Men,Shoes,Sandals,Winter,Casual,../input/fashion-product-images-dataset/fashion-dataset/images/9102.jpg,Marrón,9102.jpg,http://assets.myntassets.com/v1/images/style/properties/b9f781261d121ce0afdc869149b130b8_images.jpg,18
14386,17901,Men,over_Topwear,Jackets,Fall,Sports,../input/fashion-product-images-dataset/fashion-dataset/images/17901.jpg,Neutros,17901.jpg,http://assets.myntassets.com/v1/images/style/properties/9af433c12471f91dfe49ec1cff81a8d1_images.jpg,18
19774,16465,Men,Topwear,Shirts,Fall,Casual,../input/fashion-product-images-dataset/fashion-dataset/images/16465.jpg,Neutros,16465.jpg,http://assets.myntassets.com/v1/images/style/properties/210206dfb74f7d9b50ef83840b69f5ce_images.jpg,18
17076,43052,Men,Bottomwear,Shorts,Summer,Casual,../input/fashion-product-images-dataset/fashion-dataset/images/43052.jpg,Azul,43052.jpg,http://assets.myntassets.com/v1/images/style/properties/b11c7831d8b59c4e94dc91147dc8d433_images.jpg,18
22318,50734,Men,Shoes,Sandals,Winter,Casual,../input/fashion-product-images-dataset/fashion-dataset/images/50734.jpg,Marrón,50734.jpg,http://assets.myntassets.com/v1/images/style/properties/598dc30e521d3185c941fbc92b9c4eab_images.jpg,19
5180,14324,Women,over_Topwear,Sweaters,Fall,Casual,../input/fashion-product-images-dataset/fashion-dataset/images/14324.jpg,Rosado,14324.jpg,http://assets.myntassets.com/v1/images/style/properties/23924010ac0658f8d8a2bee0e0e1a2c0_images.jpg,19
11959,54980,Women,Dress,Dresses,Summer,Casual,../input/fashion-product-images-dataset/fashion-dataset/images/54980.jpg,Neutros,54980.jpg,http://assets.myntassets.com/v1/images/style/properties/Femella-Women-Grey-Dress_ebd98b33b79dcddbad3f73f0da71e898_images.jpg,19
5067,37956,Men,Shoes,Shoes,Summer,Casual,../input/fashion-product-images-dataset/fashion-dataset/images/37956.jpg,Neutros,37956.jpg,http://assets.myntassets.com/v1/images/style/properties/0b638251e69308045d95aa07133c3714_images.jpg,20
5672,18969,Men,over_Topwear,Sweaters,Fall,Casual,../input/fashion-product-images-dataset/fashion-dataset/images/18969.jpg,Azul,18969.jpg,http://assets.myntassets.com/v1/images/style/properties/61e88206b7bf8648df70e59d583ca903_images.jpg,20
11770,3769,Men,Topwear,Tshirts,Summer,Casual,../input/fashion-product-images-dataset/fashion-dataset/images/3769.jpg,Azul,3769.jpg,http://assets.myntassets.com/v1/images/style/properties/1d7f7feb5d584261e4a38072eb132125_images.jpg,20
18311,26465,Men,Bottomwear,Shorts,Summer,Sports,../input/fashion-product-images-dataset/fashion-dataset/images/26465.jpg,Neutros,26465.jpg,http://assets.myntassets.com/v1/images/style/properties/35dccff1a5361a61f3a3b0fc7eb5e3ce_images.jpg,20
10138,13033,Women,Shoes,Heels,Winter,Casual,../input/fashion-product-images-dataset/fashion-dataset/images/13033.jpg,Neutros,13033.jpg,http://assets.myntassets.com/v1/images/style/properties/ccb2c4217806ba410c11a98ba5f5760c_images.jpg,21
14083,31317,Women,over_Topwear,Jackets,Summer,Casual,../input/fashion-product-images-dataset/fashion-dataset/images/31317.jpg,Azul,31317.jpg,http://assets.myntassets.com/v1/images/style/properties/9eec57e004c65258d24e06159d921fb0_images.jpg,21
452,59897,Women,Dress,Dresses,Fall,Casual,../input/fashion-product-images-dataset/fashion-dataset/images/59897.jpg,Amarillo,59897.jpg,http://assets.myntassets.com/v1/images/style/properties/Femella-Women-Yellow-Dress_3d227e50c7848fd7a20a306189f9039b_images.jpg,21
6759,7256,Men,Shoes,Sandals,Fall,Casual,../input/fashion-product-images-dataset/fashion-dataset/images/7256.jpg,Marrón,7256.jpg,http://assets.myntassets.com/v1/images/style/properties/02c67556b6083fdab3454710e58b3f35_images.jpg,22
11636,19526,Men,over_Topwear,Sweaters,Summer,Casual,../input/fashion-product-images-dataset/fashion-dataset/images/19526.jpg,Neutros,19526.jpg,http://assets.myntassets.com/v1/images/style/properties/263a2e60a7b601a96ad55f3473e84c80_images.jpg,22
17564,40427,Women,Dress,Jumpsuit,Summer,Casual,../input/fashion-product-images-dataset/fashion-dataset/images/40427.jpg,Verde,40427.jpg,http://assets.myntassets.com/v1/images/style/properties/3814f9020b5c74c8412be1c07babfb99_images.jpg,22
12070,32558,Men,Shoes,Shoes,Summer,Casual,../input/fashion-product-images-dataset/fashion-dataset/images/32558.jpg,Azul,32558.jpg,http://assets.myntassets.com/v1/images/style/properties/6871b23c9dc14245f4104645c954f144_images.jpg,23
16538,11402,Men,over_Topwear,Sweaters,Fall,Casual,../input/fashion-product-images-dataset/fashion-dataset/images/11402.jpg,Neutros,11402.jpg,http://assets.myntassets.com/v1/images/style/properties/021e8e410228c0f03b53cf1685bb7124_images.jpg,23
4546,11250,Men,Topwear,Shirts,Fall,Formal,../input/fashion-product-images-dataset/fashion-dataset/images/11250.jpg,Azul,11250.jpg,http://assets.myntassets.com/v1/images/style/properties/d61f33e6c31d7690569e6d4ce2d9703e_images.jpg,23
7039,24308,Men,Bottomwear,Shorts,Fall,Casual,../input/fashion-product-images-dataset/fashion-dataset/images/24308.jpg,Neutros,24308.jpg,http://assets.myntassets.com/v1/images/style/properties/a3fe7edf3696a795c2be5142274930b6_images.jpg,23
21526,39954,Men,Shoes,Sandals,Summer,Casual,../input/fashion-product-images-dataset/fashion-dataset/images/39954.jpg,Azul,39954.jpg,http://assets.myntassets.com/v1/images/style/properties/Gas-Men-Blue-Flip-Flops_9cc1a33fffa91feb0b027fafe581ea47_images.jpg,24
2321,20232,Women,over_Topwear,Sweaters,Fall,Casual,../input/fashion-product-images-dataset/fashion-dataset/images/20232.jpg,Azul,20232.jpg,http://assets.myntassets.com/v1/images/style/properties/8ff33caa9e123b80435179cc2745eee3_images.jpg,24
13064,34432,Women,Topwear,Tshirts,Summer,Casual,../input/fashion-product-images-dataset/fashion-dataset/images/34432.jpg,Azul,34432.jpg,http://assets.myntassets.com/v1/images/style/properties/cffd35f5c030bde198d45b231ab40ec1_images.jpg,24
200,28451,Women,Bottomwear,Pants,Summer,Sports,../input/fashion-product-images-dataset/fashion-dataset/images/28451.jpg,Neutros,28451.jpg,http://assets.myntassets.com/v1/images/style/properties/07555cd5a97cd7ff5492fd344348dfcf_images.jpg,24
9335,54103,Women,Shoes,Heels,Winter,Casual,../input/fashion-product-images-dataset/fashion-dataset/images/54103.jpg,Neutros,54103.jpg,http://assets.myntassets.com/v1/images/style/properties/f3b48266079ab6a89a9b5d84ff050c19_images.jpg,25
4128,18524,Women,over_Topwear,Jackets,Fall,Casual,../input/fashion-product-images-dataset/fashion-dataset/images/18524.jpg,Neutros,18524.jpg,http://assets.myntassets.com/v1/images/style/properties/e6017bc983f17c0cb5cf161f0d1bc993_images.jpg,25
3019,27198,Women,Dress,Dresses,Summer,Casual,../input/fashion-product-images-dataset/fashion-dataset/images/27198.jpg,Azul,27198.jpg,http://assets.myntassets.com/v1/images/style/properties/33a16ff85836c7c8bd05a567bcfd0035_images.jpg,25
6095,41938,Women,Shoes,Sandals,Winter,Casual,../input/fashion-product-images-dataset/fashion-dataset/images/41938.jpg,Amarillo,41938.jpg,http://assets.myntassets.com/v1/images/style/properties/66899e4cdbc509022a1f78e02b131fc4_images.jpg,26
5815,59106,Men,over_Topwear,Jackets,Winter,Casual,../input/fashion-product-images-dataset/fashion-dataset/images/59106.jpg,Neutros,59106.jpg,http://assets.myntassets.com/v1/images/style/properties/Just-Natural-Men-Black-Jacket_16cac953672a2f29d45f697c128bf481_images.jpg,26
22639,10683,Men,Topwear,Tshirts,Fall,Casual,../input/fashion-product-images-dataset/fashion-dataset/images/10683.jpg,Azul,10683.jpg,http://assets.myntassets.com/v1/images/style/properties/a4973e5a2676d5aff4537f92a3f2372a_images.jpg,26
3929,24312,Men,Bottomwear,Shorts,Fall,Casual,../input/fashion-product-images-dataset/fashion-dataset/images/24312.jpg,Azul,24312.jpg,http://assets.myntassets.com/v1/images/style/properties/b6db5d8d5656412df170f055d03b7202_images.jpg,26
8236,35229,Men,Shoes,Shoes,Summer,Formal,../input/fashion-product-images-dataset/fashion-dataset/images/35229.jpg,Neutros,35229.jpg,http://assets.myntassets.com/v1/images/style/properties/Fortune-Men-Casual-Shoes_e0c06c6c915f37054a20f9ed49e018c5_images.jpg,27
7202,13317,Men,over_Topwear,Sweaters,Fall,Casual,../input/fashion-product-images-dataset/fashion-dataset/images/13317.jpg,Neutros,13317.jpg,http://assets.myntassets.com/v1/images/style/properties/e4ed173d77ca220159af10b70cd96437_images.jpg,27
15585,5126,Women,Topwear,Tshirts,Summer,Casual,../input/fashion-product-images-dataset/fashion-dataset/images/5126.jpg,Neutros,5126.jpg,http://assets.myntassets.com/v1/images/style/properties/4baa5445d871e45de8f7fd14dee154e4_images.jpg,27
18377,2113,Women,Bottomwear,Pants,Fall,Sports,../input/fashion-product-images-dataset/fashion-dataset/images/2113.jpg,Neutros,2113.jpg,http://assets.myntassets.com/v1/images/style/properties/4d47fb0b05ced6bbc531116c0b6b7199_images.jpg,27
16103,22687,Women,Shoes,Shoes,Fall,Casual,../input/fashion-product-images-dataset/fashion-dataset/images/22687.jpg,Neutros,22687.jpg,http://assets.myntassets.com/v1/images/style/properties/6497f65b4a6292c16cfc5fd540eb121f_images.jpg,28
17517,17516,Women,over_Topwear,Sweaters,Fall,Casual,../input/fashion-product-images-dataset/fashion-dataset/images/17516.jpg,Rosado,17516.jpg,http://assets.myntassets.com/v1/images/style/properties/52dee8a5f45432338fb8b14ed8372c6f_images.jpg,28
17063,34564,Women,Dress,Dresses,Summer,Casual,../input/fashion-product-images-dataset/fashion-dataset/images/34564.jpg,Neutros,34564.jpg,http://assets.myntassets.com/v1/images/style/properties/effc3cdb65bc596e0b6bcf8ad18439cc_images.jpg,28
20144,6637,Women,Shoes,Shoes,Summer,Casual,../input/fashion-product-images-dataset/fashion-dataset/images/6637.jpg,Rojo,6637.jpg,http://assets.myntassets.com/v1/images/style/properties/babc5c87ca0e675fc647f71e2bee5e19_images.jpg,29
13102,15321,Men,over_Topwear,Jackets,Fall,Casual,../input/fashion-product-images-dataset/fashion-dataset/images/15321.jpg,Neutros,15321.jpg,http://assets.myntassets.com/v1/images/style/properties/33c8ee1655c65f027d7b5bfffd977926_images.jpg,29
18471,10500,Women,Dress,Dresses,Fall,Casual,../input/fashion-product-images-dataset/fashion-dataset/images/10500.jpg,Azul,10500.jpg,http://assets.myntassets.com/v1/images/style/properties/2bde5066809600b3127f99e9f9edef20_images.jpg,29
4164,5920,Women,Shoes,Shoes,Summer,Casual,../input/fashion-product-images-dataset/fashion-dataset/images/5920.jpg,Neutros,5920.jpg,http://assets.myntassets.com/v1/images/style/properties/04d6aad9dc80f28a898459991ace9ee3_images.jpg,30
15807,59129,Men,over_Topwear,Jackets,Summer,Casual,../input/fashion-product-images-dataset/fashion-dataset/images/59129.jpg,Neutros,59129.jpg,http://assets.myntassets.com/v1/images/style/properties/Just-Natural-Men-Black-Jacket_4a9ee8292076bb71dc3f487894490053_images.jpg,30
14126,52161,Women,Dress,Dresses,Summer,Casual,../input/fashion-product-images-dataset/fashion-dataset/images/52161.jpg,Neutros,52161.jpg,http://assets.myntassets.com/v1/images/style/properties/81ee97ce6e9fba58fb2cde7a2b067b49_images.jpg,30
439,27074,Women,Shoes,Flats,Winter,Casual,../input/fashion-product-images-dataset/fashion-dataset/images/27074.jpg,Azul,27074.jpg,http://assets.myntassets.com/v1/images/style/properties/1dbabb93c7e0219a6ef095bb9317990b_images.jpg,31
14449,7683,Men,over_Topwear,Jackets,Fall,Sports,../input/fashion-product-images-dataset/fashion-dataset/images/7683.jpg,Neutros,7683.jpg,http://assets.myntassets.com/v1/images/style/properties/c082b38fe31dd8411ee895aeae3083f2_images.jpg,31
18043,44682,Women,Dress,Dresses,Summer,Casual,../input/fashion-product-images-dataset/fashion-dataset/images/44682.jpg,Azul,44682.jpg,http://assets.myntassets.com/v1/images/style/properties/Wills-Lifestyle-Women-Blue-Dress_f43432c2f6bc65f4de1b8c1c313dfda8_images.jpg,31
3381,47241,Men,Shoes,Shoes,Summer,Casual,../input/fashion-product-images-dataset/fashion-dataset/images/47241.jpg,Azul,47241.jpg,http://assets.myntassets.com/v1/images/style/properties/2d1fb26e5375f3c2f13e96dddc221eb9_images.jpg,32
18223,59133,Men,over_Topwear,Jackets,Summer,Casual,../input/fashion-product-images-dataset/fashion-dataset/images/59133.jpg,Marrón,59133.jpg,http://assets.myntassets.com/v1/images/style/properties/Just-Natural-Men-Khaki-Jacket_3170a30b75fae4c2bae990e77a94c940_images.jpg,32
3212,34572,Women,Dress,Dresses,Summer,Casual,../input/fashion-product-images-dataset/fashion-dataset/images/34572.jpg,Neutros,34572.jpg,http://assets.myntassets.com/v1/images/style/properties/3a9f0e6a91b98d87e67f855479353e78_images.jpg,32
11188,43374,Men,Shoes,Shoes,Summer,Sports,../input/fashion-product-images-dataset/fashion-dataset/images/43374.jpg,Neutros,43374.jpg,http://assets.myntassets.com/v1/images/style/properties/2fab3f1682a44a17cddc882d0e3323dd_images.jpg,33
7344,20790,Men,over_Topwear,Jackets,Fall,Casual,../input/fashion-product-images-dataset/fashion-dataset/images/20790.jpg,Azul,20790.jpg,http://assets.myntassets.com/v1/images/style/properties/d29ccb832527c82a21037d8deb525dc0_images.jpg,33
10617,13290,Women,Dress,Dresses,Fall,Casual,../input/fashion-product-images-dataset/fashion-dataset/images/13290.jpg,Rosado,13290.jpg,http://assets.myntassets.com/v1/images/style/properties/c3cc3bd5442debb7996ea3c859efb6f7_images.jpg,33
13582,39948,Men,Shoes,Shoes,Spring,Casual,../input/fashion-product-images-dataset/fashion-dataset/images/39948.jpg,Neutros,39948.jpg,http://assets.myntassets.com/v1/images/style/properties/ae92dcbe64ef4afb71fb16a18c569ecb_images.jpg,34
1706,13240,Men,over_Topwear,Jackets,Fall,Casual,../input/fashion-product-images-dataset/fashion-dataset/images/13240.jpg,Neutros,13240.jpg,http://assets.myntassets.com/v1/images/style/properties/a678890d3ab2e19ac204a2493faf445a_images.jpg,34
18043,44682,Women,Dress,Dresses,Summer,Casual,../input/fashion-product-images-dataset/fashion-dataset/images/44682.jpg,Azul,44682.jpg,http://assets.myntassets.com/v1/images/style/properties/Wills-Lifestyle-Women-Blue-Dress_f43432c2f6bc65f4de1b8c1c313dfda8_images.jpg,34
10312,13653,Men,Shoes,Shoes,Fall,Casual,../input/fashion-product-images-dataset/fashion-dataset/images/13653.jpg,Marrón,13653.jpg,http://assets.myntassets.com/v1/images/style/properties/50c7896a173d1d978504db1187bc90b3_images.jpg,35
4728,20377,Women,over_Topwear,Jackets,Fall,Casual,../input/fashion-product-images-dataset/fashion-dataset/images/20377.jpg,Rosado,20377.jpg,http://assets.myntassets.com/v1/images/style/properties/2edd997b791e0eb1045fc58e2b232487_images.jpg,35
2160,38830,Women,Dress,Dresses,Summer,Casual,../input/fashion-product-images-dataset/fashion-dataset/images/38830.jpg,Azul,38830.jpg,http://assets.myntassets.com/v1/images/style/properties/6523fac5f01650fdfe0af4f53c4bcb9e_images.jpg,35
17462,33119,Women,Shoes,Heels,Winter,Casual,../input/fashion-product-images-dataset/fashion-dataset/images/33119.jpg,Neutros,33119.jpg,http://assets.myntassets.com/v1/images/style/properties/0004a04321c5d0a8d055265ab60c98f7_images.jpg,36
18835,19810,Men,over_Topwear,Sweaters,Fall,Casual,../input/fashion-product-images-dataset/fashion-dataset/images/19810.jpg,Morado,19810.jpg,http://assets.myntassets.com/v1/images/style/properties/ed16cb7be5fe2f916b79b7f9cfe285dd_images.jpg,36
3619,12028,Men,Topwear,Shirts,Fall,Formal,../input/fashion-product-images-dataset/fashion-dataset/images/12028.jpg,Neutros,12028.jpg,http://assets.myntassets.com/v1/images/style/properties/782a644ddba6784004c4c46bb3793068_images.jpg,36
3165,1981,Women,Bottomwear,Shorts,Fall,Casual,../input/fashion-product-images-dataset/fashion-dataset/images/1981.jpg,Verde,1981.jpg,http://assets.myntassets.com/v1/images/style/properties/45648f6e3547de2ef61e2aab3a805dff_images.jpg,36
16757,32828,Women,Shoes,Heels,Winter,Casual,../input/fashion-product-images-dataset/fashion-dataset/images/32828.jpg,Amarillo,32828.jpg,http://assets.myntassets.com/v1/images/style/properties/1afb1585fd75304a2200583f432bb205_images.jpg,37
7302,14307,Men,over_Topwear,Sweaters,Fall,Casual,../input/fashion-product-images-dataset/fashion-dataset/images/14307.jpg,Neutros,14307.jpg,http://assets.myntassets.com/v1/images/style/properties/3b4edbc1ff8d9c4e6549bad1197225bd_images.jpg,37
14721,58499,Women,Dress,Dresses,Fall,Casual,../input/fashion-product-images-dataset/fashion-dataset/images/58499.jpg,Neutros,58499.jpg,http://assets.myntassets.com/v1/images/style/properties/Tonga-White-Floral-Design-Dress_c8060cca2e01d587c96badd11844ecdd_images.jpg,37
20214,18673,Men,Shoes,Shoes,Fall,Casual,../input/fashion-product-images-dataset/fashion-dataset/images/18673.jpg,Neutros,18673.jpg,http://assets.myntassets.com/v1/images/style/properties/6b5e7100eb9cc1b22d81b6742bd21b8e_images.jpg,38
9434,17290,Men,over_Topwear,Sweaters,Fall,Casual,../input/fashion-product-images-dataset/fashion-dataset/images/17290.jpg,Neutros,17290.jpg,http://assets.myntassets.com/v1/images/style/properties/736768ef5616225e3bdeb9f8fb1ef3c8_images.jpg,38
3781,45777,Women,Dress,Dresses,Summer,Casual,../input/fashion-product-images-dataset/fashion-dataset/images/45777.jpg,Rojo,45777.jpg,http://assets.myntassets.com/v1/images/style/properties/b110637ed0f823e898e3119d36290223_images.jpg,38
16679,14374,Women,Shoes,Heels,Winter,Casual,../input/fashion-product-images-dataset/fashion-dataset/images/14374.jpg,Azul,14374.jpg,http://assets.myntassets.com/v1/images/style/properties/7008ea2f6d6953bdf1b6ab203da18f21_images.jpg,39
15432,22626,Men,over_Topwear,Sweaters,Fall,Sports,../input/fashion-product-images-dataset/fashion-dataset/images/22626.jpg,Neutros,22626.jpg,http://assets.myntassets.com/v1/images/style/properties/b3035667f5f87a213bcf9cc0469b6736_images.jpg,39
19916,6092,Women,Topwear,Tshirts,Summer,Casual,../input/fashion-product-images-dataset/fashion-dataset/images/6092.jpg,Neutros,6092.jpg,http://assets.myntassets.com/v1/images/style/properties/846daae37b9481d291796c8845c90f8d_images.jpg,39
10911,4950,Men,Bottomwear,Shorts,Summer,Casual,../input/fashion-product-images-dataset/fashion-dataset/images/4950.jpg,Azul,4950.jpg,http://assets.myntassets.com/v1/images/style/properties/43096970c6428bc8a0c7e8e25716e8bb_images.jpg,39
7297,33525,Women,Shoes,Heels,Summer,Casual,../input/fashion-product-images-dataset/fashion-dataset/images/33525.jpg,Neutros,33525.jpg,http://assets.myntassets.com/v1/images/style/properties/83a1ddc1dbff2661d302ba1b88a948f6_images.jpg,40
4329,18578,Women,over_Topwear,Sweaters,Fall,Casual,../input/fashion-product-images-dataset/fashion-dataset/images/18578.jpg,Neutros,18578.jpg,http://assets.myntassets.com/v1/images/style/properties/8e862c170d2380d357a6755dde83204d_images.jpg,40
10245,43920,Women,Dress,Dresses,Summer,Casual,../input/fashion-product-images-dataset/fashion-dataset/images/43920.jpg,Neutros,43920.jpg,http://assets.myntassets.com/v1/images/style/properties/fed91b3e6cfe17cea274e95959053aae_images.jpg,40
12510,34655,Men,Shoes,Shoes,Summer,Sports,../input/fashion-product-images-dataset/fashion-dataset/images/34655.jpg,Neutros,34655.jpg,http://assets.myntassets.com/v1/images/style/properties/ad648f5588de8f4ccae7cb43493dc1ab_images.jpg,41
1419,18200,Women,over_Topwear,Sweaters,Fall,Casual,../input/fashion-product-images-dataset/fashion-dataset/images/18200.jpg,Rojo,18200.jpg,http://assets.myntassets.com/v1/images/style/properties/1cf668ca7e11ab6158c19a0d7139684e_images.jpg,41
1646,51465,Women,Dress,Dresses,Summer,Casual,../input/fashion-product-images-dataset/fashion-dataset/images/51465.jpg,Azul,51465.jpg,http://assets.myntassets.com/v1/images/style/properties/906b752bd8f5c7c6a01aa1bc57d03a5c_images.jpg,41
143,22537,Men,Shoes,Sandals,Summer,Casual,../input/fashion-product-images-dataset/fashion-dataset/images/22537.jpg,Neutros,22537.jpg,http://assets.myntassets.com/v1/images/style/properties/465863ba7b810b5ef6c516fe91c77308_images.jpg,42
21137,10029,Women,over_Topwear,Sweaters,Fall,Sports,../input/fashion-product-images-dataset/fashion-dataset/images/10029.jpg,Azul,10029.jpg,http://assets.myntassets.com/v1/images/style/properties/cb273208c26f6ddaf749b9fb11b827b1_images.jpg,42
17737,39226,Women,Dress,Dresses,Summer,Casual,../input/fashion-product-images-dataset/fashion-dataset/images/39226.jpg,Neutros,39226.jpg,http://assets.myntassets.com/v1/images/style/properties/5190144d44ae18892c908c6d829de404_images.jpg,42
20935,1828,Men,Shoes,Shoes,Fall,Sports,../input/fashion-product-images-dataset/fashion-dataset/images/1828.jpg,Neutros,1828.jpg,http://assets.myntassets.com/v1/images/style/properties/dc9bbd5e329ffc169a1264225d112d40_images.jpg,43
4210,20379,Women,over_Topwear,Sweaters,Fall,Sports,../input/fashion-product-images-dataset/fashion-dataset/images/20379.jpg,Neutros,20379.jpg,http://assets.myntassets.com/v1/images/style/properties/e4d5cdb2b0edad465022fa365521fd22_images.jpg,43
452,59897,Women,Dress,Dresses,Fall,Casual,../input/fashion-product-images-dataset/fashion-dataset/images/59897.jpg,Amarillo,59897.jpg,http://assets.myntassets.com/v1/images/style/properties/Femella-Women-Yellow-Dress_3d227e50c7848fd7a20a306189f9039b_images.jpg,43
22124,50733,Men,Shoes,Sandals,Winter,Casual,../input/fashion-product-images-dataset/fashion-dataset/images/50733.jpg,Neutros,50733.jpg,http://assets.myntassets.com/v1/images/style/properties/38aeb7430ba5f8171c7e7406b610d5c3_images.jpg,44
5635,14308,Men,over_Topwear,Jackets,Fall,Casual,../input/fashion-product-images-dataset/fashion-dataset/images/14308.jpg,Neutros,14308.jpg,http://assets.myntassets.com/v1/images/style/properties/6c754b75851e92dc22881a31ba6ea012_images.jpg,44
4924,43676,Women,Dress,Dresses,Summer,Casual,../input/fashion-product-images-dataset/fashion-dataset/images/43676.jpg,Verde,43676.jpg,http://assets.myntassets.com/v1/images/style/properties/cb98cf6c84166ee28fe68e2de20ee3bd_images.jpg,44
14865,6359,Men,Shoes,Shoes,Summer,Casual,../input/fashion-product-images-dataset/fashion-dataset/images/6359.jpg,Marrón,6359.jpg,http://assets.myntassets.com/v1/images/style/properties/2203c901085b07f5c13385b23d8514b9_images.jpg,45
3218,22625,Men,over_Topwear,Sweaters,Fall,Sports,../input/fashion-product-images-dataset/fashion-dataset/images/22625.jpg,Neutros,22625.jpg,http://assets.myntassets.com/v1/images/style/properties/278a0b723899c41a1de145af81571bbc_images.jpg,45
12874,46216,Women,Dress,Dresses,Summer,Casual,../input/fashion-product-images-dataset/fashion-dataset/images/46216.jpg,Rosado,46216.jpg,http://assets.myntassets.com/v1/images/style/properties/AND-Women-Pink-Dress_bea43015166ea9966f8903bf25bc9d25_images.jpg,45
5937,44440,Men,Shoes,Sandals,Fall,Sports,../input/fashion-product-images-dataset/fashion-dataset/images/44440.jpg,Neutros,44440.jpg,http://assets.myntassets.com/v1/image/style/properties/44440/Gliders-Men-Black-Davis-Sports-Sandals_1_7a34d6f03715317e2cc35d34621be9e2.jpg,46
728,15323,Men,over_Topwear,Jackets,Fall,Casual,../input/fashion-product-images-dataset/fashion-dataset/images/15323.jpg,Neutros,15323.jpg,http://assets.myntassets.com/v1/images/style/properties/7667d772a8b42e47225ff55050fe02f5_images.jpg,46
2150,6014,Men,Topwear,Shirts,Summer,Casual,../input/fashion-product-images-dataset/fashion-dataset/images/6014.jpg,Neutros,6014.jpg,http://assets.myntassets.com/v1/images/style/properties/7920b944d467f1bb4eb1d1586070f4ac_images.jpg,46
10848,42263,Men,Bottomwear,Pants,Summer,Casual,../input/fashion-product-images-dataset/fashion-dataset/images/42263.jpg,Azul,42263.jpg,http://assets.myntassets.com/v1/images/style/properties/John-Players-Men-Blue-Jeans_01a61aa5a2755f39412ad284ae510cdd_images.jpg,46
20017,7729,Men,Shoes,Shoes,Fall,Casual,../input/fashion-product-images-dataset/fashion-dataset/images/7729.jpg,Neutros,7729.jpg,http://assets.myntassets.com/v1/images/style/properties/2e196bd22fc6f495abae6c4fb74c94dd_images.jpg,47
10082,22579,Women,over_Topwear,Sweaters,Summer,Sports,../input/fashion-product-images-dataset/fashion-dataset/images/22579.jpg,Neutros,22579.jpg,http://assets.myntassets.com/v1/images/style/properties/ed3746c1e3477f80fbf597b0aa068665_images.jpg,47
22196,4936,Women,Dress,Dresses,Summer,Casual,../input/fashion-product-images-dataset/fashion-dataset/images/4936.jpg,Neutros,4936.jpg,http://assets.myntassets.com/v1/images/style/properties/a78c09f65d277c93fea636d2a50d60db_images.jpg,47
9631,23864,Men,Shoes,Shoes,Summer,Sports,../input/fashion-product-images-dataset/fashion-dataset/images/23864.jpg,Neutros,23864.jpg,http://assets.myntassets.com/v1/images/style/properties/9914cb57e4cefcb252fdb04ebf81370e_images.jpg,48
6099,14306,Men,over_Topwear,Sweaters,Fall,Casual,../input/fashion-product-images-dataset/fashion-dataset/images/14306.jpg,Azul,14306.jpg,http://assets.myntassets.com/v1/images/style/properties/100d7672f6121e50341b046ee95e37c3_images.jpg,48
11743,36736,Women,Topwear,Tshirts,Summer,Casual,../input/fashion-product-images-dataset/fashion-dataset/images/36736.jpg,Rosado,36736.jpg,http://assets.myntassets.com/v1/images/style/properties/380a12a431b9be84fa34971bd3de8589_images.jpg,48
20149,6896,Women,Bottomwear,Pants,Summer,Formal,../input/fashion-product-images-dataset/fashion-dataset/images/6896.jpg,Neutros,6896.jpg,http://assets.myntassets.com/v1/images/style/properties/b83c78ac0381c5f2a591abd43ad3cea3_images.jpg,48
6793,32807,Women,Shoes,Heels,Winter,Casual,../input/fashion-product-images-dataset/fashion-dataset/images/32807.jpg,Verde,32807.jpg,http://assets.myntassets.com/v1/images/style/properties/319ed9709d12139e9be3dabad87216fa_images.jpg,49
13585,6882,Women,over_Topwear,Jackets,Summer,Casual,../input/fashion-product-images-dataset/fashion-dataset/images/6882.jpg,Neutros,6882.jpg,http://assets.myntassets.com/v1/images/style/properties/c4a3f84e57ff901eb8d6013533e71bd8_images.jpg,49
18317,21224,Men,Topwear,Tshirts,Summer,Casual,../input/fashion-product-images-dataset/fashion-dataset/images/21224.jpg,Marrón,21224.jpg,http://assets.myntassets.com/v1/images/style/properties/d438a341d11495bd151a82f286136dfd_images.jpg,49
1052,36732,Women,Bottomwear,Pants,Summer,Casual,../input/fashion-product-images-dataset/fashion-dataset/images/36732.jpg,Azul,36732.jpg,http://assets.myntassets.com/v1/images/style/properties/Spykar-Women-Liana-Blue-Jeans_80c1ab0dc0443b0c72bfdea6157d9dd9_images.jpg,49
15565,45327,Women,Shoes,Heels,Summer,Casual,../input/fashion-product-images-dataset/fashion-dataset/images/45327.jpg,Amarillo,45327.jpg,http://assets.myntassets.com/v1/images/style/properties/4fd4eb580d5ad7e8c8b67bd57635045c_images.jpg,50
602,19327,Men,over_Topwear,Sweaters,Fall,Casual,../input/fashion-product-images-dataset/fashion-dataset/images/19327.jpg,Azul,19327.jpg,http://assets.myntassets.com/v1/images/style/properties/48674993bc7aa9655e79da82d87857fb_images.jpg,50
20874,28619,Men,Topwear,Tshirts,Summer,Sports,../input/fashion-product-images-dataset/fashion-dataset/images/28619.jpg,Neutros,28619.jpg,http://assets.myntassets.com/v1/images/style/properties/1e035eac9ad8cc0f6722dc854d6e1359_images.jpg,50
8757,43310,Women,Bottomwear,Shorts,Summer,Casual,../input/fashion-product-images-dataset/fashion-dataset/images/43310.jpg,Rosado,43310.jpg,http://assets.myntassets.com/v1/images/style/properties/57196760fea6b0fc6fbc5de9fb77ffc5_images.jpg,50
2496,22305,Women,Shoes,Heels,Winter,Casual,../input/fashion-product-images-dataset/fashion-dataset/images/22305.jpg,Neutros,22305.jpg,http://assets.myntassets.com/v1/images/style/properties/e5f15c4b00670b48de3cb05658366b4a_images.jpg,51
1009,19522,Men,over_Topwear,Sweaters,Fall,Casual,../input/fashion-product-images-dataset/fashion-dataset/images/19522.jpg,Azul,19522.jpg,http://assets.myntassets.com/v1/images/style/properties/fdebe4ead02b815ca8469aec76b27b4e_images.jpg,51
3402,34581,Women,Dress,Dresses,Summer,Casual,../input/fashion-product-images-dataset/fashion-dataset/images/34581.jpg,Rojo,34581.jpg,http://assets.myntassets.com/v1/images/style/properties/0c98f19798420fdd1d03274f33203358_images.jpg,51
12788,44546,Men,Shoes,Sandals,Summer,Casual,../input/fashion-product-images-dataset/fashion-dataset/images/44546.jpg,Neutros,44546.jpg,http://assets.myntassets.com/v1/images/style/properties/44ba8aff4c2ff19e56b15903a1f8a80f_images.jpg,52
7589,16208,Men,over_Topwear,Sweaters,Fall,Casual,../input/fashion-product-images-dataset/fashion-dataset/images/16208.jpg,Neutros,16208.jpg,http://assets.myntassets.com/v1/images/style/properties/71ec87e7394bde7bd177e30835c4b506_images.jpg,52
21125,8197,Men,Topwear,Shirts,Summer,Casual,../input/fashion-product-images-dataset/fashion-dataset/images/8197.jpg,Neutros,8197.jpg,http://assets.myntassets.com/v1/images/style/properties/427734fbd74a57adf2e00c1f14998220_images.jpg,52
1487,21385,Men,Bottomwear,Pants,Fall,Sports,../input/fashion-product-images-dataset/fashion-dataset/images/21385.jpg,Azul,21385.jpg,http://assets.myntassets.com/v1/images/style/properties/5feb55188f8b66b8f75d8468d6719955_images.jpg,52
3654,2901,Women,Shoes,Heels,Winter,Formal,../input/fashion-product-images-dataset/fashion-dataset/images/2901.jpg,Neutros,2901.jpg,http://assets.myntassets.com/v1/images/style/properties/e62f6bac3697e424e9c42727bdf08079_images.jpg,53
14994,18573,Men,over_Topwear,Sweaters,Fall,Casual,../input/fashion-product-images-dataset/fashion-dataset/images/18573.jpg,Azul,18573.jpg,http://assets.myntassets.com/v1/images/style/properties/26a3acaada47b42fbea4987f526bd7fa_images.jpg,53
2477,11771,Men,Topwear,Tshirts,Fall,Casual,../input/fashion-product-images-dataset/fashion-dataset/images/11771.jpg,Rojo,11771.jpg,http://assets.myntassets.com/v1/images/style/properties/3b8b9d1dc8a8643e851541e2344fa09f_images.jpg,53
16559,32446,Men,Bottomwear,Shorts,Summer,Sports,../input/fashion-product-images-dataset/fashion-dataset/images/32446.jpg,Neutros,32446.jpg,http://assets.myntassets.com/v1/images/style/properties/e847d2bbcd33c260ce6dfd43fc036364_images.jpg,53
7759,13381,Men,Shoes,Shoes,Fall,Casual,../input/fashion-product-images-dataset/fashion-dataset/images/13381.jpg,Azul,13381.jpg,http://assets.myntassets.com/v1/images/style/properties/79c9a55dcde9289a857ee1907e0ec1d9_images.jpg,54
5635,14308,Men,over_Topwear,Jackets,Fall,Casual,../input/fashion-product-images-dataset/fashion-dataset/images/14308.jpg,Neutros,14308.jpg,http://assets.myntassets.com/v1/images/style/properties/6c754b75851e92dc22881a31ba6ea012_images.jpg,54
1900,7353,Men,Topwear,Tshirts,Fall,Casual,../input/fashion-product-images-dataset/fashion-dataset/images/7353.jpg,Neutros,7353.jpg,http://assets.myntassets.com/v1/images/style/properties/8bb2e0cdad1ba9af5f07463c89202933_images.jpg,54
1154,50947,Women,Bottomwear,Pants,Summer,Casual,../input/fashion-product-images-dataset/fashion-dataset/images/50947.jpg,Azul,50947.jpg,http://assets.myntassets.com/v1/images/style/properties/ec0c5925ee7281c4e033456b22273ab8_images.jpg,54
9881,4109,Men,Shoes,Sandals,Summer,Casual,../input/fashion-product-images-dataset/fashion-dataset/images/4109.jpg,Azul,4109.jpg,http://assets.myntassets.com/v1/images/style/properties/0f4268f5fe89109d547da3bd86772245_images.jpg,55
2099,13225,Men,over_Topwear,Sweaters,Fall,Casual,../input/fashion-product-images-dataset/fashion-dataset/images/13225.jpg,Azul,13225.jpg,http://assets.myntassets.com/v1/images/style/properties/e9083744dadca4c96a3a825ce17cebb9_images.jpg,55
15641,16642,Men,Topwear,Tshirts,Summer,Casual,../input/fashion-product-images-dataset/fashion-dataset/images/16642.jpg,Morado,16642.jpg,http://assets.myntassets.com/v1/images/style/properties/a32b1590506a49b4b9bcd5d2b1d60f8e_images.jpg,55
17559,6525,Women,Bottomwear,Shorts,Summer,Sports,../input/fashion-product-images-dataset/fashion-dataset/images/6525.jpg,Amarillo,6525.jpg,http://assets.myntassets.com/v1/images/style/properties/3e850da7be2340429186fd759e3ba09b_images.jpg,55
15076,47610,Women,Shoes,Heels,Winter,Casual,../input/fashion-product-images-dataset/fashion-dataset/images/47610.jpg,Amarillo,47610.jpg,http://assets.myntassets.com/v1/images/style/properties/Portia-Women-Yellow-Sandals_bed8333a1b346af456a4704ba02d4b2c_images.jpg,56
15201,14986,Men,over_Topwear,Sweaters,Fall,Casual,../input/fashion-product-images-dataset/fashion-dataset/images/14986.jpg,Azul,14986.jpg,http://assets.myntassets.com/v1/images/style/properties/0e80b699b5f85ae46df6ec57a6fbc5c7_images.jpg,56
6630,48472,Women,Dress,Dresses,Summer,Casual,../input/fashion-product-images-dataset/fashion-dataset/images/48472.jpg,Neutros,48472.jpg,http://assets.myntassets.com/v1/images/style/properties/French-Connection-Black-Dress_e0e9f83d59bbf9d3e5b0c84734804f19_images.jpg,56
921,57501,Men,Shoes,Sandals,Summer,Casual,../input/fashion-product-images-dataset/fashion-dataset/images/57501.jpg,Neutros,57501.jpg,http://assets.myntassets.com/v1/images/style/properties/Lee-Cooper-Men-Khaki-Sandals_ae939350de06c0bd99f50d9de1f48635_images.jpg,57
17230,20197,Men,over_Topwear,Sweaters,Fall,Casual,../input/fashion-product-images-dataset/fashion-dataset/images/20197.jpg,Neutros,20197.jpg,http://assets.myntassets.com/v1/images/style/properties/e59b7d58b26d97c9081440799b9deb1d_images.jpg,57
12219,58510,Women,Dress,Dresses,Fall,Casual,../input/fashion-product-images-dataset/fashion-dataset/images/58510.jpg,Neutros,58510.jpg,http://assets.myntassets.com/v1/images/style/properties/Tonga-Animal-Print-Dress_8356dc1915eb6d7b5b1ee56fe2b0006e_images.jpg,57
4714,2502,Men,Shoes,Shoes,Fall,Casual,../input/fashion-product-images-dataset/fashion-dataset/images/2502.jpg,Neutros,2502.jpg,http://assets.myntassets.com/v1/images/style/properties/105e4f31411c901df8510460f1cadb50_images.jpg,58
5064,15008,Men,over_Topwear,Jackets,Fall,Sports,../input/fashion-product-images-dataset/fashion-dataset/images/15008.jpg,Neutros,15008.jpg,http://assets.myntassets.com/v1/images/style/properties/3057e139a37bd8f8bad87f6b4de02851_images.jpg,58
22079,4931,Women,Dress,Dresses,Summer,Casual,../input/fashion-product-images-dataset/fashion-dataset/images/4931.jpg,Azul,4931.jpg,http://assets.myntassets.com/v1/images/style/properties/e767cca93b18cf7ae9b34b69fa050226_images.jpg,58
13822,29572,Men,Shoes,Shoes,Summer,Casual,../input/fashion-product-images-dataset/fashion-dataset/images/29572.jpg,Neutros,29572.jpg,http://assets.myntassets.com/v1/images/style/properties/39193045db876953eb3761a55da2ae5e_images.jpg,59
4231,19005,Women,over_Topwear,Sweaters,Summer,Casual,../input/fashion-product-images-dataset/fashion-dataset/images/19005.jpg,Neutros,19005.jpg,http://assets.myntassets.com/v1/images/style/properties/523e55702410d0ae9ab8979c657da9e0_images.jpg,59
11053,33209,Women,Dress,Dresses,Summer,Casual,../input/fashion-product-images-dataset/fashion-dataset/images/33209.jpg,Neutros,33209.jpg,http://assets.myntassets.com/v1/images/style/properties/8677e63305e45ccd5e4888d32780d972_images.jpg,59
6818,20952,Women,Shoes,Sandals,Fall,Casual,../input/fashion-product-images-dataset/fashion-dataset/images/20952.jpg,Verde,20952.jpg,http://assets.myntassets.com/v1/images/style/properties/9cb7c87052c310dddcad0e5b039750d4_images.jpg,60
9208,13095,Men,over_Topwear,Sweaters,Fall,Sports,../input/fashion-product-images-dataset/fashion-dataset/images/13095.jpg,Verde,13095.jpg,http://assets.myntassets.com/v1/images/style/properties/3cd5c7a2fe25538c55375253601a71ff_images.jpg,60
14877,59978,Women,Dress,Dresses,Fall,Casual,../input/fashion-product-images-dataset/fashion-dataset/images/59978.jpg,Marrón,59978.jpg,http://assets.myntassets.com/v1/images/style/properties/Avirate-Brown---Grey-Check-Dress_2c46126a13797b160513bf6fa98e7312_images.jpg,60
17757,44824,Men,Shoes,Sandals,Winter,Casual,../input/fashion-product-images-dataset/fashion-dataset/images/44824.jpg,Neutros,44824.jpg,http://assets.myntassets.com/v1/images/style/properties/Clarks-Men-Sandals_5738d7ca1b7299e4d21ba85ae77232db_images.jpg,61
7247,12807,Women,over_Topwear,Jackets,Fall,Sports,../input/fashion-product-images-dataset/fashion-dataset/images/12807.jpg,Rosado,12807.jpg,http://assets.myntassets.com/v1/images/style/properties/91971942b05169ac944800a6300a1184_images.jpg,61
3958,37198,Women,Dress,Dresses,Summer,Casual,../input/fashion-product-images-dataset/fashion-dataset/images/37198.jpg,Rojo,37198.jpg,http://assets.myntassets.com/v1/images/style/properties/70e12214d3b594d7bed6b7d2b72a8de0_images.jpg,61
908,26596,Men,Shoes,Shoes,Summer,Sports,../input/fashion-product-images-dataset/fashion-dataset/images/26596.jpg,Neutros,26596.jpg,http://assets.myntassets.com/v1/images/style/properties/c1cd58d59cc5c4ba32826e7373f254c2_images.jpg,62
21574,14089,Men,over_Topwear,Sweaters,Fall,Casual,../input/fashion-product-images-dataset/fashion-dataset/images/14089.jpg,Neutros,14089.jpg,http://assets.myntassets.com/v1/images/style/properties/6bfa5f8b70231547783b3f46e550decd_images.jpg,62
2750,38839,Women,Dress,Dresses,Summer,Casual,../input/fashion-product-images-dataset/fashion-dataset/images/38839.jpg,Verde,38839.jpg,http://assets.myntassets.com/v1/images/style/properties/96d3568f04d0b132df06d008d81ef14b_images.jpg,62
7865,22855,Men,Shoes,Shoes,Summer,Casual,../input/fashion-product-images-dataset/fashion-dataset/images/22855.jpg,Marrón,22855.jpg,http://assets.myntassets.com/v1/images/style/properties/504cb04250e69237e2336bc9d14e9bdf_images.jpg,63
11146,1622,Men,over_Topwear,Jackets,Summer,Casual,../input/fashion-product-images-dataset/fashion-dataset/images/1622.jpg,Azul,1622.jpg,http://assets.myntassets.com/v1/images/style/properties/d545d737b2b2dcf7cee2145263e7c850_images.jpg,63
10050,34424,Men,Topwear,Tshirts,Summer,Casual,../input/fashion-product-images-dataset/fashion-dataset/images/34424.jpg,Naranja,34424.jpg,http://assets.myntassets.com/v1/images/style/properties/787ec33418d58b501c4eff6478e86fcc_images.jpg,63
13876,16390,Men,Bottomwear,Pants,Spring,Formal,../input/fashion-product-images-dataset/fashion-dataset/images/16390.jpg,Verde,16390.jpg,http://assets.myntassets.com/v1/images/style/properties/6c9ced427568d0e4fd71e0f2def091df_images.jpg,63
8075,12865,Men,Shoes,Sandals,Fall,Casual,../input/fashion-product-images-dataset/fashion-dataset/images/12865.jpg,Neutros,12865.jpg,http://assets.myntassets.com/v1/images/style/properties/20f5ba9d4534b9a4552d14de69059322_images.jpg,64
12295,11524,Men,over_Topwear,Sweaters,Fall,Casual,../input/fashion-product-images-dataset/fashion-dataset/images/11524.jpg,Azul,11524.jpg,http://assets.myntassets.com/v1/images/style/properties/4238a99b6968aaca4938479f46bd049f_images.jpg,64
1502,46277,Women,Dress,Dresses,Summer,Casual,../input/fashion-product-images-dataset/fashion-dataset/images/46277.jpg,Rojo,46277.jpg,http://assets.myntassets.com/v1/images/style/properties/e2afea0bfbb43879454f78e868eed309_images.jpg,64
5398,9715,Men,Shoes,Shoes,Fall,Formal,../input/fashion-product-images-dataset/fashion-dataset/images/9715.jpg,Neutros,9715.jpg,http://assets.myntassets.com/v1/images/style/properties/d8739e5d165c282dcabeef8c497b587c_images.jpg,65
9155,24287,Men,over_Topwear,Sweaters,Summer,Casual,../input/fashion-product-images-dataset/fashion-dataset/images/24287.jpg,Neutros,24287.jpg,http://assets.myntassets.com/v1/images/style/properties/19713de9c5e82bc4903cc441297c263c_images.jpg,65
17140,58425,Women,Dress,Dresses,Summer,Casual,../input/fashion-product-images-dataset/fashion-dataset/images/58425.jpg,Neutros,58425.jpg,http://assets.myntassets.com/v1/images/style/properties/AND-by-Anita-Dongre-Women-Grey-Dress_c44e0278d7df8e4b3b21354479de41ae_images.jpg,65
19191,26669,Men,Shoes,Shoes,Summer,Casual,../input/fashion-product-images-dataset/fashion-dataset/images/26669.jpg,Neutros,26669.jpg,http://assets.myntassets.com/v1/images/style/properties/b083c9682a9f0225ee96f021a5b07462_images.jpg,66
15114,13998,Men,over_Topwear,Sweaters,Fall,Sports,../input/fashion-product-images-dataset/fashion-dataset/images/13998.jpg,Neutros,13998.jpg,http://assets.myntassets.com/v1/images/style/properties/9211d4674ec2de7a18b28be501914929_images.jpg,66
13564,20637,Women,Dress,Dresses,Fall,Casual,../input/fashion-product-images-dataset/fashion-dataset/images/20637.jpg,Neutros,20637.jpg,http://assets.myntassets.com/v1/images/style/properties/e6e128b59e79c2e64fc754d6a80030de_images.jpg,66
4459,36486,Men,Shoes,Shoes,Summer,Casual,../input/fashion-product-images-dataset/fashion-dataset/images/36486.jpg,Neutros,36486.jpg,http://assets.myntassets.com/v1/images/style/properties/07964c3ba7187235d8a2ab65ef77a83f_images.jpg,67
3317,23951,Men,over_Topwear,Sweaters,Fall,Casual,../input/fashion-product-images-dataset/fashion-dataset/images/23951.jpg,Neutros,23951.jpg,http://assets.myntassets.com/v1/images/style/properties/3c79e3795d94fbcb179fb67bdfa7b3c0_images.jpg,67
17737,39226,Women,Dress,Dresses,Summer,Casual,../input/fashion-product-images-dataset/fashion-dataset/images/39226.jpg,Neutros,39226.jpg,http://assets.myntassets.com/v1/images/style/properties/5190144d44ae18892c908c6d829de404_images.jpg,67
594,3996,Men,Shoes,Sandals,Summer,Casual,../input/fashion-product-images-dataset/fashion-dataset/images/3996.jpg,Neutros,3996.jpg,http://assets.myntassets.com/v1/images/style/properties/e14ffb8ceff3534250d7ae11401dfe81_images.jpg,68
2688,19524,Men,over_Topwear,Sweaters,Fall,Casual,../input/fashion-product-images-dataset/fashion-dataset/images/19524.jpg,Azul,19524.jpg,http://assets.myntassets.com/v1/images/style/properties/8313b418b916d2f4334117b511959e94_images.jpg,68
17877,25028,Men,Topwear,Tshirts,Summer,Sports,../input/fashion-product-images-dataset/fashion-dataset/images/25028.jpg,Neutros,25028.jpg,http://assets.myntassets.com/v1/images/style/properties/25f36b6c366a22bb8a55b861f17c6c62_images.jpg,68
240,39381,Men,Bottomwear,Pants,Summer,Casual,../input/fashion-product-images-dataset/fashion-dataset/images/39381.jpg,Neutros,39381.jpg,http://assets.myntassets.com/v1/images/style/properties/78bf924de236777a9bc6662b076449e4_images.jpg,68
609,13080,Men,Shoes,Shoes,Summer,Casual,../input/fashion-product-images-dataset/fashion-dataset/images/13080.jpg,Neutros,13080.jpg,http://assets.myntassets.com/v1/images/style/properties/efef30c05460e90a1e170998dde8f92c_images.jpg,69
8825,16927,Men,over_Topwear,Sweaters,Fall,Casual,../input/fashion-product-images-dataset/fashion-dataset/images/16927.jpg,Neutros,16927.jpg,http://assets.myntassets.com/v1/images/style/properties/acf82c27487baef2d98fcb75baf78a4f_images.jpg,69
11981,33288,Men,Topwear,Tshirts,Summer,Casual,../input/fashion-product-images-dataset/fashion-dataset/images/33288.jpg,Neutros,33288.jpg,http://assets.myntassets.com/v1/images/style/properties/8367d89c4e90ba49120814390b7597a2_images.jpg,69
21566,46892,Men,Bottomwear,Pants,Summer,Casual,../input/fashion-product-images-dataset/fashion-dataset/images/46892.jpg,Azul,46892.jpg,http://assets.myntassets.com/v1/images/style/properties/5c59167ebcfd6d5d0653a266ca8cbe85_images.jpg,69
250,44948,Men,Shoes,Shoes,Summer,Sports,../input/fashion-product-images-dataset/fashion-dataset/images/44948.jpg,Neutros,44948.jpg,http://assets.myntassets.com/v1/images/style/properties/39cef2982137215d71ed41a558159659_images.jpg,70
16199,59127,Men,over_Topwear,Jackets,Summer,Casual,../input/fashion-product-images-dataset/fashion-dataset/images/59127.jpg,Marrón,59127.jpg,http://assets.myntassets.com/v1/images/style/properties/Just-Natural-Men-Brown-Jacket_87e4652811ba8e7943554747886b8c66_images.jpg,70
10651,43514,Women,Dress,Dresses,Summer,Casual,../input/fashion-product-images-dataset/fashion-dataset/images/43514.jpg,Neutros,43514.jpg,http://assets.myntassets.com/v1/images/style/properties/59df6e5a848ef0d7cfa409e55ad7cf60_images.jpg,70
10666,44503,Women,Shoes,Shoes,Summer,Casual,../input/fashion-product-images-dataset/fashion-dataset/images/44503.jpg,Neutros,44503.jpg,http://assets.myntassets.com/v1/images/style/properties/8394b5483ae06953534f5e0182a05944_images.jpg,71
1927,19546,Women,over_Topwear,Sweaters,Fall,Casual,../input/fashion-product-images-dataset/fashion-dataset/images/19546.jpg,Neutros,19546.jpg,http://assets.myntassets.com/v1/images/style/properties/199c87e3f81f01da1eeaf5bcaf8af054_images.jpg,71
15707,54890,Women,Topwear,Tshirts,Summer,Casual,../input/fashion-product-images-dataset/fashion-dataset/images/54890.jpg,Verde,54890.jpg,http://assets.myntassets.com/v1/images/style/properties/Do-u-speak-green-Women-Green-Top_6bbf045f4a01ee66ef8b4d993fbc7427_images.jpg,71
5182,5773,Women,Bottomwear,Shorts,Summer,Casual,../input/fashion-product-images-dataset/fashion-dataset/images/5773.jpg,Neutros,5773.jpg,http://assets.myntassets.com/v1/images/style/properties/02adbafc07e05f5b84f48722aac791e5_images.jpg,71
19940,11958,Men,Shoes,Shoes,Fall,Casual,../input/fashion-product-images-dataset/fashion-dataset/images/11958.jpg,Neutros,11958.jpg,http://assets.myntassets.com/v1/images/style/properties/69c27cc4aed79d33bd9c2110f5133584_images.jpg,72
15779,14582,Women,over_Topwear,Sweaters,Fall,Casual,../input/fashion-product-images-dataset/fashion-dataset/images/14582.jpg,Neutros,14582.jpg,http://assets.myntassets.com/v1/images/style/properties/eedcde5b6d24f6b08dfda05c55f873b4_images.jpg,72
7298,57060,Women,Dress,Dresses,Summer,Casual,../input/fashion-product-images-dataset/fashion-dataset/images/57060.jpg,Azul,57060.jpg,http://assets.myntassets.com/v1/images/style/properties/Elle-Women-Teal-Dress_441671d05b165db8a771a1fce8686bc9_images.jpg,72
21834,22723,Men,Shoes,Shoes,Fall,Casual,../input/fashion-product-images-dataset/fashion-dataset/images/22723.jpg,Rojo,22723.jpg,http://assets.myntassets.com/v1/images/style/properties/9be618c295b7d8f856ec68da2fb802cf_images.jpg,73
11565,16909,Men,over_Topwear,Sweaters,Fall,Casual,../input/fashion-product-images-dataset/fashion-dataset/images/16909.jpg,Neutros,16909.jpg,http://assets.myntassets.com/v1/images/style/properties/c38646d164ffa3232a0972ac67f43c12_images.jpg,73
15066,10345,Men,Topwear,Tshirts,Fall,Casual,../input/fashion-product-images-dataset/fashion-dataset/images/10345.jpg,Neutros,10345.jpg,http://assets.myntassets.com/v1/images/style/properties/545a44c818ab70d950c61191d8312b8a_images.jpg,73
6860,41161,Women,Bottomwear,Pants,Summer,Formal,../input/fashion-product-images-dataset/fashion-dataset/images/41161.jpg,Neutros,41161.jpg,http://assets.myntassets.com/v1/images/style/properties/27d8c4eb9985d2ac622b70e20c8587ec_images.jpg,73
6573,6180,Women,Shoes,Sandals,Summer,Casual,../input/fashion-product-images-dataset/fashion-dataset/images/6180.jpg,Neutros,6180.jpg,http://assets.myntassets.com/v1/images/style/properties/a226b70fda32f73c398cdcdf04f244cb_images.jpg,74
8787,18623,Men,over_Topwear,Sweaters,Fall,Casual,../input/fashion-product-images-dataset/fashion-dataset/images/18623.jpg,Azul,18623.jpg,http://assets.myntassets.com/v1/images/style/properties/28848296d6d6aec867b32b78db917c35_images.jpg,74
16558,59977,Women,Dress,Dresses,Fall,Casual,../input/fashion-product-images-dataset/fashion-dataset/images/59977.jpg,Azul,59977.jpg,http://assets.myntassets.com/v1/images/style/properties/Avirate-Women-Navy-Blue-Dress_e27eb0239f85d72ed1302464163029d1_images.jpg,74
14518,34514,Women,Shoes,Sandals,Summer,Casual,../input/fashion-product-images-dataset/fashion-dataset/images/34514.jpg,Neutros,34514.jpg,http://assets.myntassets.com/v1/images/style/properties/3f2d5ca37d4ce2eb76cd2da626725240_images.jpg,75
9825,11169,Men,over_Topwear,Sweaters,Fall,Casual,../input/fashion-product-images-dataset/fashion-dataset/images/11169.jpg,Verde,11169.jpg,http://assets.myntassets.com/v1/images/style/properties/7552748126be79e7e06a8ffb47642ced_images.jpg,75
19013,10360,Women,Dress,Dresses,Fall,Casual,../input/fashion-product-images-dataset/fashion-dataset/images/10360.jpg,Neutros,10360.jpg,http://assets.myntassets.com/v1/images/style/properties/94e6afa7beec1191f5c238e04dd654ca_images.jpg,75
8014,7866,Men,Shoes,Shoes,Summer,Formal,../input/fashion-product-images-dataset/fashion-dataset/images/7866.jpg,Marrón,7866.jpg,http://assets.myntassets.com/v1/images/style/properties/fe7598aabf6880e6766ba1facc112a63_images.jpg,76
3354,19004,Women,over_Topwear,Jackets,Summer,Casual,../input/fashion-product-images-dataset/fashion-dataset/images/19004.jpg,Rojo,19004.jpg,http://assets.myntassets.com/v1/images/style/properties/d2127a1293498c6dec58f99d06357d8d_images.jpg,76
8408,1992,Men,Topwear,Tshirts,Fall,Sports,../input/fashion-product-images-dataset/fashion-dataset/images/1992.jpg,Amarillo,1992.jpg,http://assets.myntassets.com/v1/images/style/properties/0535ac0c91bcabfb4b528a8fcc5165f8_images.jpg,76
18177,9950,Men,Bottomwear,Shorts,Fall,Sports,../input/fashion-product-images-dataset/fashion-dataset/images/9950.jpg,Neutros,9950.jpg,http://assets.myntassets.com/v1/images/style/properties/61b13579b4360a54f52767bebd92033f_images.jpg,76
22667,3577,Men,Shoes,Sandals,Summer,Casual,../input/fashion-product-images-dataset/fashion-dataset/images/3577.jpg,Neutros,3577.jpg,http://assets.myntassets.com/v1/images/style/properties/a97106d141d7dba3a2837a1be20bb4ee_images.jpg,77
8392,38155,Men,over_Topwear,Jackets,Summer,Casual,../input/fashion-product-images-dataset/fashion-dataset/images/38155.jpg,Neutros,38155.jpg,http://assets.myntassets.com/v1/images/style/properties/Wildcraft-Men-Black-Husky-Sleeveless-Jacket_e50e20dea192c23f3bd52165d9316a98_images.jpg,77
16637,4408,Men,Topwear,Tshirts,Summer,Casual,../input/fashion-product-images-dataset/fashion-dataset/images/4408.jpg,Azul,4408.jpg,http://assets.myntassets.com/v1/images/style/properties/bb8a1dcfa4ebfe21cb8db6bfff99149c_images.jpg,77
17349,1999,Men,Bottomwear,Pants,Fall,Sports,../input/fashion-product-images-dataset/fashion-dataset/images/1999.jpg,Neutros,1999.jpg,http://assets.myntassets.com/v1/images/style/properties/41e7176cab2b399078e6767084c70a7e_images.jpg,77
5484,46332,Men,Shoes,Shoes,Summer,Casual,../input/fashion-product-images-dataset/fashion-dataset/images/46332.jpg,Neutros,46332.jpg,http://assets.myntassets.com/v1/images/style/properties/d97b199835dcaefa1adb37f8eb0e19ce_images.jpg,78
21175,19534,Men,over_Topwear,Sweaters,Summer,Casual,../input/fashion-product-images-dataset/fashion-dataset/images/19534.jpg,Azul,19534.jpg,http://assets.myntassets.com/v1/images/style/properties/ae9890ae7797fb9db66e00a1d556bad9_images.jpg,78
7357,32631,Women,Topwear,Tshirts,Summer,Sports,../input/fashion-product-images-dataset/fashion-dataset/images/32631.jpg,Naranja,32631.jpg,http://assets.myntassets.com/v1/images/style/properties/2f0d3efe99af76766d241ad390c0b21b_images.jpg,78
11899,26133,Men,Bottomwear,Pants,Summer,Formal,../input/fashion-product-images-dataset/fashion-dataset/images/26133.jpg,Neutros,26133.jpg,http://assets.myntassets.com/v1/images/style/properties/a6d989a7fb54eb1eeee8945f59b52a6b_images.jpg,78
1654,4342,Men,Shoes,Shoes,Summer,Sports,../input/fashion-product-images-dataset/fashion-dataset/images/4342.jpg,Neutros,4342.jpg,http://assets.myntassets.com/v1/images/style/properties/e768f4ef962232b52ad4c1b2ac7331fe_images.jpg,79
15828,19858,Men,over_Topwear,Jackets,Fall,Casual,../input/fashion-product-images-dataset/fashion-dataset/images/19858.jpg,Neutros,19858.jpg,http://assets.myntassets.com/v1/images/style/properties/4cc0fc69f7f46b5479cc5ae6a12e44a9_images.jpg,79
14536,2305,Women,Topwear,Tshirts,Fall,Sports,../input/fashion-product-images-dataset/fashion-dataset/images/2305.jpg,Azul,2305.jpg,http://assets.myntassets.com/v1/images/style/properties/903657dc12f6a433a0dbb395c0ed21cd_images.jpg,79
5809,9161,Men,Bottomwear,Pants,Fall,Casual,../input/fashion-product-images-dataset/fashion-dataset/images/9161.jpg,Azul,9161.jpg,http://assets.myntassets.com/v1/images/style/properties/ce0e24420acd8722a561c88db8ffba8b_images.jpg,79
2475,44741,Men,Shoes,Shoes,Summer,Casual,../input/fashion-product-images-dataset/fashion-dataset/images/44741.jpg,Neutros,44741.jpg,http://assets.myntassets.com/v1/images/style/properties/5e4da46cbf0c20e10cad459971bf9c76_images.jpg,80
21262,19953,Men,over_Topwear,Sweaters,Fall,Casual,../input/fashion-product-images-dataset/fashion-dataset/images/19953.jpg,Neutros,19953.jpg,http://assets.myntassets.com/v1/images/style/properties/1c64330cf43e6a1d5c38b3423f6e4273_images.jpg,80
16712,13707,Men,Topwear,Tshirts,Fall,Casual,../input/fashion-product-images-dataset/fashion-dataset/images/13707.jpg,Rojo,13707.jpg,http://assets.myntassets.com/v1/images/style/properties/9200bf9e65f54d8e269c9bfa8c8f5b2d_images.jpg,80
9343,51471,Men,Bottomwear,Pants,Summer,Casual,../input/fashion-product-images-dataset/fashion-dataset/images/51471.jpg,Neutros,51471.jpg,http://assets.myntassets.com/v1/images/style/properties/6167df36d7973067dab519179e323865_images.jpg,80
12554,35579,Women,Shoes,Sandals,Summer,Casual,../input/fashion-product-images-dataset/fashion-dataset/images/35579.jpg,Neutros,35579.jpg,http://assets.myntassets.com/v1/images/style/properties/a26d3055d5faa26bcd86b1b55d17abf7_images.jpg,81
18288,14108,Men,over_Topwear,Sweaters,Fall,Casual,../input/fashion-product-images-dataset/fashion-dataset/images/14108.jpg,Marrón,14108.jpg,http://assets.myntassets.com/v1/images/style/properties/4494bf41f09deb7e19be1b7e562c87c6_images.jpg,81
18417,52117,Women,Topwear,Tshirts,Summer,Casual,../input/fashion-product-images-dataset/fashion-dataset/images/52117.jpg,Azul,52117.jpg,http://assets.myntassets.com/v1/images/style/properties/ec2e90d45ce9174217498b40e01ce0ff_images.jpg,81
5233,14129,Men,Bottomwear,Pants,Fall,Casual,../input/fashion-product-images-dataset/fashion-dataset/images/14129.jpg,Azul,14129.jpg,http://assets.myntassets.com/v1/images/style/properties/4b0801c2d779be71bde17ceb1c240f80_images.jpg,81
5330,57849,Women,Shoes,Heels,Winter,Casual,../input/fashion-product-images-dataset/fashion-dataset/images/57849.jpg,Azul,57849.jpg,http://assets.myntassets.com/v1/images/style/properties/Catwalk-Women-Blue-Sandals_b2007af74202bad2cc7a2fa2bb3539af_images.jpg,82
17150,14960,Men,over_Topwear,Jackets,Fall,Casual,../input/fashion-product-images-dataset/fashion-dataset/images/14960.jpg,Azul,14960.jpg,http://assets.myntassets.com/v1/images/style/properties/b982674c2805985ead51b44e40eb5b5d_images.jpg,82
15064,15637,Men,Topwear,Tshirts,Fall,Casual,../input/fashion-product-images-dataset/fashion-dataset/images/15637.jpg,Neutros,15637.jpg,http://assets.myntassets.com/v1/images/style/properties/4e74dbcb1692e9f9601acc176b34c2e8_images.jpg,82
15328,57216,Women,Bottomwear,Shorts,Fall,Casual,../input/fashion-product-images-dataset/fashion-dataset/images/57216.jpg,Marrón,57216.jpg,http://assets.myntassets.com/v1/images/style/properties/Kraus-Jeans-Women-Brown-Shorts_5c898df358f2d8021690d6723c878bf8_images.jpg,82
12134,46082,Women,Shoes,Shoes,Summer,Sports,../input/fashion-product-images-dataset/fashion-dataset/images/46082.jpg,Neutros,46082.jpg,http://assets.myntassets.com/v1/images/style/properties/669c7c4db2603e3852077875904d75fe_images.jpg,83
11428,19145,Men,over_Topwear,Sweaters,Fall,Casual,../input/fashion-product-images-dataset/fashion-dataset/images/19145.jpg,Rojo,19145.jpg,http://assets.myntassets.com/v1/images/style/properties/ea2bfae5360fa3fb248a20c85f21bf6b_images.jpg,83
1502,46277,Women,Dress,Dresses,Summer,Casual,../input/fashion-product-images-dataset/fashion-dataset/images/46277.jpg,Rojo,46277.jpg,http://assets.myntassets.com/v1/images/style/properties/e2afea0bfbb43879454f78e868eed309_images.jpg,83
13303,40786,Men,Shoes,Sandals,Summer,Casual,../input/fashion-product-images-dataset/fashion-dataset/images/40786.jpg,Azul,40786.jpg,http://assets.myntassets.com/v1/images/style/properties/784de554d6f7514cd017c3e47ee10d7b_images.jpg,84
17826,16000,Men,over_Topwear,Sweaters,Fall,Casual,../input/fashion-product-images-dataset/fashion-dataset/images/16000.jpg,Neutros,16000.jpg,http://assets.myntassets.com/v1/images/style/properties/46b25ee2f5be9e34e66f0e4a0d772181_images.jpg,84
9397,57124,Women,Topwear,Tshirts,Summer,Casual,../input/fashion-product-images-dataset/fashion-dataset/images/57124.jpg,Neutros,57124.jpg,http://assets.myntassets.com/v1/images/style/properties/Elle-Women-Black-Top_f5b18dd358eb1a848b2d270e01e728db_images.jpg,84
19267,13783,Men,Bottomwear,Pants,Fall,Formal,../input/fashion-product-images-dataset/fashion-dataset/images/13783.jpg,Neutros,13783.jpg,http://assets.myntassets.com/v1/images/style/properties/c7e2f41a60c908f4a9394b35b62b2883_images.jpg,84
22603,47580,Women,Shoes,Heels,Winter,Casual,../input/fashion-product-images-dataset/fashion-dataset/images/47580.jpg,Neutros,47580.jpg,http://assets.myntassets.com/v1/images/style/properties/efa21007fc6fe24038267f4a1fc88bde_images.jpg,85
11239,23068,Men,over_Topwear,Sweaters,Fall,Casual,../input/fashion-product-images-dataset/fashion-dataset/images/23068.jpg,Azul,23068.jpg,http://assets.myntassets.com/v1/images/style/properties/bd178e10fb19458cd5fff3aff876c93d_images.jpg,85
11282,11708,Men,Topwear,Shirts,Fall,Casual,../input/fashion-product-images-dataset/fashion-dataset/images/11708.jpg,Verde,11708.jpg,http://assets.myntassets.com/v1/images/style/properties/c88f990d70db2847f7836d133cfce224_images.jpg,85
4129,9173,Men,Bottomwear,Pants,Fall,Casual,../input/fashion-product-images-dataset/fashion-dataset/images/9173.jpg,Azul,9173.jpg,http://assets.myntassets.com/v1/images/style/properties/af7cd1e43d7340119e4ec7666e2cf9ca_images.jpg,85
2400,43935,Women,Shoes,Heels,Winter,Casual,../input/fashion-product-images-dataset/fashion-dataset/images/43935.jpg,Neutros,43935.jpg,http://assets.myntassets.com/v1/images/style/properties/6c5b3ea71c4b1365df13de7320626602_images.jpg,86
20950,19533,Men,over_Topwear,Sweaters,Fall,Casual,../input/fashion-product-images-dataset/fashion-dataset/images/19533.jpg,Azul,19533.jpg,http://assets.myntassets.com/v1/images/style/properties/8a25249db124bde39dccb2bfb331262c_images.jpg,86
1502,46277,Women,Dress,Dresses,Summer,Casual,../input/fashion-product-images-dataset/fashion-dataset/images/46277.jpg,Rojo,46277.jpg,http://assets.myntassets.com/v1/images/style/properties/e2afea0bfbb43879454f78e868eed309_images.jpg,86
21348,45613,Men,Shoes,Shoes,Summer,Formal,../input/fashion-product-images-dataset/fashion-dataset/images/45613.jpg,Marrón,45613.jpg,http://assets.myntassets.com/v1/images/style/properties/b01910dc1795d03b6ed2ced7ca60fda6_images.jpg,87
5989,17910,Men,over_Topwear,Sweaters,Fall,Sports,../input/fashion-product-images-dataset/fashion-dataset/images/17910.jpg,Neutros,17910.jpg,http://assets.myntassets.com/v1/images/style/properties/7802a79986b3a1f3aac3af2d91c55e4a_images.jpg,87
10245,43920,Women,Dress,Dresses,Summer,Casual,../input/fashion-product-images-dataset/fashion-dataset/images/43920.jpg,Neutros,43920.jpg,http://assets.myntassets.com/v1/images/style/properties/fed91b3e6cfe17cea274e95959053aae_images.jpg,87
2221,6817,Men,Shoes,Sandals,Summer,Casual,../input/fashion-product-images-dataset/fashion-dataset/images/6817.jpg,Azul,6817.jpg,http://assets.myntassets.com/v1/images/style/properties/Timberland-Men-Blue-Thong-Flip-Flops_02bb5f9ccf76c9ff75ff8289dcc34aec_images.jpg,88
2413,19171,Men,over_Topwear,Sweaters,Fall,Casual,../input/fashion-product-images-dataset/fashion-dataset/images/19171.jpg,Neutros,19171.jpg,http://assets.myntassets.com/v1/images/style/properties/1df323343d9d89c1f0bf1f5af1fcdc0c_images.jpg,88
1721,31574,Men,Topwear,Tshirts,Summer,Casual,../input/fashion-product-images-dataset/fashion-dataset/images/31574.jpg,Neutros,31574.jpg,http://assets.myntassets.com/v1/images/style/properties/80edf1fc46f0366dda56981317a658dc_images.jpg,88
9601,13262,Women,Bottomwear,Pants,Fall,Casual,../input/fashion-product-images-dataset/fashion-dataset/images/13262.jpg,Azul,13262.jpg,http://assets.myntassets.com/v1/images/style/properties/146c7068d400b7ff3652c3306694476c_images.jpg,88
11017,45414,Women,Shoes,Flats,Winter,Casual,../input/fashion-product-images-dataset/fashion-dataset/images/45414.jpg,Neutros,45414.jpg,http://assets.myntassets.com/v1/images/style/properties/c16b0943a80e44753c74bd88111354e3_images.jpg,89
14255,18724,Women,over_Topwear,Sweaters,Fall,Casual,../input/fashion-product-images-dataset/fashion-dataset/images/18724.jpg,Neutros,18724.jpg,http://assets.myntassets.com/v1/images/style/properties/24ff9b3ae6b884690aace19a7ac6b455_images.jpg,89
15358,59982,Women,Dress,Dresses,Fall,Casual,../input/fashion-product-images-dataset/fashion-dataset/images/59982.jpg,Neutros,59982.jpg,http://assets.myntassets.com/v1/images/style/properties/Avirate-Black---Cream-Dress_b7110aeca8260ecfe8250ca88c9e021a_images.jpg,89
16840,13169,Women,Shoes,Flats,Winter,Casual,../input/fashion-product-images-dataset/fashion-dataset/images/13169.jpg,Neutros,13169.jpg,http://assets.myntassets.com/v1/images/style/properties/23be6038885132c04fba47f24c6ba669_images.jpg,90
14176,20787,Men,over_Topwear,Sweaters,Fall,Casual,../input/fashion-product-images-dataset/fashion-dataset/images/20787.jpg,Neutros,20787.jpg,http://assets.myntassets.com/v1/images/style/properties/402f3084d01ffe9d92e59ced966d609f_images.jpg,90
7637,15210,Men,Topwear,Tshirts,Fall,Casual,../input/fashion-product-images-dataset/fashion-dataset/images/15210.jpg,Verde,15210.jpg,http://assets.myntassets.com/v1/images/style/properties/caf84e9ae974394e52e92906cd58c511_images.jpg,90
15923,27908,Women,Bottomwear,Pants,Summer,Formal,../input/fashion-product-images-dataset/fashion-dataset/images/27908.jpg,Neutros,27908.jpg,http://assets.myntassets.com/v1/images/style/properties/3e718e0bfd4c1f0a1ff17cb9ea4650d5_images.jpg,90
3913,24776,Men,Shoes,Shoes,Spring,Sports,../input/fashion-product-images-dataset/fashion-dataset/images/24776.jpg,Marrón,24776.jpg,http://assets.myntassets.com/v1/images/style/properties/Nike-Men-OBS-T-LITE-9-SL-Bronze-Sports-Shoes_5c8d7e3d53f39a3112e01b9b9bbfad94_images.jpg,91
20180,24089,Men,over_Topwear,Sweaters,Fall,Casual,../input/fashion-product-images-dataset/fashion-dataset/images/24089.jpg,Azul,24089.jpg,http://assets.myntassets.com/v1/images/style/properties/40b1fffec5c9a5d5a7bd7976504dfa55_images.jpg,91
21732,34473,Women,Dress,Dresses,Summer,Casual,../input/fashion-product-images-dataset/fashion-dataset/images/34473.jpg,Azul,34473.jpg,http://assets.myntassets.com/v1/images/style/properties/7305cadd9995c4ce78ebe693ec2acbc8_images.jpg,91
7362,35414,Men,Shoes,Shoes,Summer,Formal,../input/fashion-product-images-dataset/fashion-dataset/images/35414.jpg,Neutros,35414.jpg,http://assets.myntassets.com/v1/images/style/properties/0add713caef9a39b379e2c2091799195_images.jpg,92
19153,14109,Men,over_Topwear,Sweaters,Fall,Casual,../input/fashion-product-images-dataset/fashion-dataset/images/14109.jpg,Verde,14109.jpg,http://assets.myntassets.com/v1/images/style/properties/03f8416c337cb538a8b5cb85a63bf418_images.jpg,92
819,3338,Men,Topwear,Tshirts,Summer,Sports,../input/fashion-product-images-dataset/fashion-dataset/images/3338.jpg,Neutros,3338.jpg,http://assets.myntassets.com/v1/images/style/properties/f159107f47f06fbd04b2dcd4e6dfa4fb_images.jpg,92
22555,25903,Women,Bottomwear,Pants,Summer,Casual,../input/fashion-product-images-dataset/fashion-dataset/images/25903.jpg,Azul,25903.jpg,http://assets.myntassets.com/v1/images/style/properties/9c131d81c22d175508ad18bfdf74e603_images.jpg,92
16291,41944,Women,Shoes,Sandals,Winter,Casual,../input/fashion-product-images-dataset/fashion-dataset/images/41944.jpg,Rosado,41944.jpg,http://assets.myntassets.com/v1/images/style/properties/e67161e8a7a4374635fa82d2b487ced4_images.jpg,93
20788,13803,Men,over_Topwear,Sweaters,Fall,Casual,../input/fashion-product-images-dataset/fashion-dataset/images/13803.jpg,Azul,13803.jpg,http://assets.myntassets.com/v1/images/style/properties/aade3246d621f99d0b48c024a168e9f3_images.jpg,93
20346,58505,Women,Dress,Dresses,Fall,Casual,../input/fashion-product-images-dataset/fashion-dataset/images/58505.jpg,Neutros,58505.jpg,http://assets.myntassets.com/v1/images/style/properties/Tonga-Women-Printed-Brown-Dress_9ca7c682d9c9a27a1e83b9078489047e_images.jpg,93
8070,42729,Women,Shoes,Flats,Winter,Casual,../input/fashion-product-images-dataset/fashion-dataset/images/42729.jpg,Rojo,42729.jpg,http://assets.myntassets.com/v1/images/style/properties/49ed3d5d8edb68ddd1237233cd8c1bd7_images.jpg,94
728,15323,Men,over_Topwear,Jackets,Fall,Casual,../input/fashion-product-images-dataset/fashion-dataset/images/15323.jpg,Neutros,15323.jpg,http://assets.myntassets.com/v1/images/style/properties/7667d772a8b42e47225ff55050fe02f5_images.jpg,94
22477,43543,Men,Topwear,Shirts,Summer,Casual,../input/fashion-product-images-dataset/fashion-dataset/images/43543.jpg,Morado,43543.jpg,http://assets.myntassets.com/v1/images/style/properties/f199269ba88915134593b10e6c7b8bd2_images.jpg,94
22229,50961,Women,Bottomwear,Pants,Summer,Casual,../input/fashion-product-images-dataset/fashion-dataset/images/50961.jpg,Neutros,50961.jpg,http://assets.myntassets.com/v1/images/style/properties/2db1a6e5f9f30c6ff080807ae414ad24_images.jpg,94
3069,5726,Men,Shoes,Shoes,Summer,Sports,../input/fashion-product-images-dataset/fashion-dataset/images/5726.jpg,Neutros,5726.jpg,http://assets.myntassets.com/v1/images/style/properties/6736d04d59f34d7677bac951b4439d6f_images.jpg,95
17101,14994,Men,over_Topwear,Sweaters,Fall,Casual,../input/fashion-product-images-dataset/fashion-dataset/images/14994.jpg,Neutros,14994.jpg,http://assets.myntassets.com/v1/images/style/properties/f0ba8f732c1d12f4ef4b7e37ba39e72a_images.jpg,95
4091,57045,Women,Dress,Dresses,Summer,Casual,../input/fashion-product-images-dataset/fashion-dataset/images/57045.jpg,Neutros,57045.jpg,http://assets.myntassets.com/v1/images/style/properties/Elle-Women-Black-Dress_0493a7ff2ce537de9f11c79c20ebb4e3_images.jpg,95
4766,12877,Men,Shoes,Shoes,Fall,Formal,../input/fashion-product-images-dataset/fashion-dataset/images/12877.jpg,Neutros,12877.jpg,http://assets.myntassets.com/v1/images/style/properties/dd245742f32de30adef5952149b1caad_images.jpg,96
5275,20785,Men,over_Topwear,Sweaters,Fall,Casual,../input/fashion-product-images-dataset/fashion-dataset/images/20785.jpg,Neutros,20785.jpg,http://assets.myntassets.com/v1/images/style/properties/d81657913e249464e66fc33bedfd3895_images.jpg,96
14726,41786,Women,Dress,Dresses,Summer,Casual,../input/fashion-product-images-dataset/fashion-dataset/images/41786.jpg,Neutros,41786.jpg,http://assets.myntassets.com/v1/images/style/properties/6ae71fd1a6994171d9b693c9627951f3_images.jpg,96
14442,22820,Men,Shoes,Shoes,Summer,Casual,../input/fashion-product-images-dataset/fashion-dataset/images/22820.jpg,Neutros,22820.jpg,http://assets.myntassets.com/v1/images/style/properties/b9a7bdb13c0c85b057a3bd1bac4dfafd_images.jpg,97
17395,31443,Women,over_Topwear,Jackets,Summer,Sports,../input/fashion-product-images-dataset/fashion-dataset/images/31443.jpg,Rojo,31443.jpg,http://assets.myntassets.com/v1/images/style/properties/f5ea745330a717a520fe116867085754_images.jpg,97
6496,40412,Women,Dress,Dresses,Summer,Casual,../input/fashion-product-images-dataset/fashion-dataset/images/40412.jpg,Rosado,40412.jpg,http://assets.myntassets.com/v1/images/style/properties/7962b3a441256fc78bcafec38dae409f_images.jpg,97
4649,45370,Women,Shoes,Heels,Summer,Casual,../input/fashion-product-images-dataset/fashion-dataset/images/45370.jpg,Marrón,45370.jpg,http://assets.myntassets.com/v1/images/style/properties/a6d31574f00f989df4d6ef6468fd6069_images.jpg,98
4210,20379,Women,over_Topwear,Sweaters,Fall,Sports,../input/fashion-product-images-dataset/fashion-dataset/images/20379.jpg,Neutros,20379.jpg,http://assets.myntassets.com/v1/images/style/properties/e4d5cdb2b0edad465022fa365521fd22_images.jpg,98
18766,30304,Men,Topwear,Tshirts,Summer,Casual,../input/fashion-product-images-dataset/fashion-dataset/images/30304.jpg,Neutros,30304.jpg,http://assets.myntassets.com/v1/images/style/properties/cf91385e3c93a47f2865f94dd8b757f8_images.jpg,98
10237,50953,Women,Bottomwear,Pants,Winter,Casual,../input/fashion-product-images-dataset/fashion-dataset/images/50953.jpg,Azul,50953.jpg,http://assets.myntassets.com/v1/images/style/properties/5f0195d95f53cc5fc4f4da9170751f01_images.jpg,98
2257,35714,Women,Shoes,Shoes,Summer,Sports,../input/fashion-product-images-dataset/fashion-dataset/images/35714.jpg,Neutros,35714.jpg,http://assets.myntassets.com/v1/images/style/properties/42dff1f5e2e124b1088fddf2f1792722_images.jpg,99
3622,59122,Men,over_Topwear,Jackets,Summer,Casual,../input/fashion-product-images-dataset/fashion-dataset/images/59122.jpg,Neutros,59122.jpg,http://assets.myntassets.com/v1/images/style/properties/Just-Natural-Men-Charcoal-Jacket_9bf400ba25d3df00f1fb3708a21ec04b_images.jpg,99
9571,51447,Women,Dress,Dresses,Summer,Casual,../input/fashion-product-images-dataset/fashion-dataset/images/51447.jpg,Neutros,51447.jpg,http://assets.myntassets.com/v1/images/style/properties/3394e3b5a5ebb45189dca9606c3e5d55_images.jpg,99
